time,lat,long,download_speed,upload_speed,latency,connection_type,isp,day,date,day_type,session,temperature,climate,env_type,location,floor,mobility,movement_speed,gsm_dbm,gsm_asu,gsm_rssi,cdma_dbm,cdma_ecio,evdo_dbm,evdo_ecio,evdo_snr,cdma_asu,cdma_band,lte_rsrp,lte_rsrq,lte_rssnr,lte_cqi,lte_band,nr_dbm,nr_rsrp,nr_rsrq,nr_sssinr,nr_csicqi,nr_csirsrp,nr_csirsrq,nr_band,nr_timing,contributor

10:52,13.0151438,80.2398478,1.4119999408721924,0.7839999794960022,22,4G,Airtel,Tuesday,17-09-2024,Weekday,Morning,34.18,scattered clouds,Crowded,,0,No movement,0.00,,,,,,,,,,,-104,-13,0,2147483647,1,,,,,,,,,,
10:53,13.015158,80.2398163,1.4119999408721924,0.7839999794960022,22,4G,Airtel,Tuesday,17-09-2024,Weekday,Morning,34.18,scattered clouds,Crowded,,0,No movement,0.00,,,,,,,,,,,-106,-14,0,2147483647,1,,,,,,,,,,
10:53,13.015158,80.2398163,1.4119999408721924,0.7839999794960022,22,4G,Airtel,Tuesday,17-09-2024,Weekday,Morning,34.18,scattered clouds,Crowded,,0,No movement,0.00,,,,,,,,,,,-106,-14,0,2147483647,1,,,,,,,,,,
10:53,13.015158,80.2398163,1.4119999408721924,0.7839999794960022,22,4G,Airtel,Tuesday,17-09-2024,Weekday,Morning,34.18,scattered clouds,Crowded,,0,No movement,0.00,,,,,,,,,,,-106,-13,0,2147483647,1,,,,,,,,,,
10:53,13.0151535,80.2397949,1.4119999408721924,0.7839999794960022,22,4G,Airtel,Tuesday,17-09-2024,Weekday,Morning,34.18,scattered clouds,Crowded,,0,No movement,0.00,,,,,,,,,,,-106,-13,0,2147483647,1,,,,,,,,,,
10:53,13.0151535,80.2397946,1.4119999408721924,0.7839999794960022,22,4G,Airtel,Tuesday,17-09-2024,Weekday,Morning,34.18,scattered clouds,Crowded,,0,No movement,0.00,,,,,,,,,,,-108,-13,0,2147483647,1,,,,,,,,,,
10:53,13.0151535,80.2397946,1.4119999408721924,0.7839999794960022,22,4G,Airtel,Tuesday,17-09-2024,Weekday,Morning,34.18,scattered clouds,Crowded,,0,No movement,0.00,,,,,,,,,,,-106,-14,0,2147483647,1,,,,,,,,,,
10:53,13.0151533,80.2397933,1.4119999408721924,0.7839999794960022,22,4G,Airtel,Tuesday,17-09-2024,Weekday,Morning,34.18,scattered clouds,Crowded,,0,No movement,0.00,,,,,,,,,,,-105,-13,0,2147483647,1,,,,,,,,,,
10:53,13.0151533,80.2397933,1.4119999408721924,0.7839999794960022,22,4G,Airtel,Tuesday,17-09-2024,Weekday,Morning,34.18,scattered clouds,Crowded,,0,No movement,0.00,,,,,,,,,,,-116,-20,0,2147483647,1,,,,,,,,,,
10:53,13.0151533,80.2397933,1.4119999408721924,0.7839999794960022,22,4G,Airtel,Tuesday,17-09-2024,Weekday,Morning,34.18,scattered clouds,Crowded,,0,No movement,0.00,,,,,,,,,,,-112,-16,0,2147483647,1,,,,,,,,,,
10:53,13.0151533,80.2397933,1.4119999408721924,0.7839999794960022,22,4G,Airtel,Tuesday,17-09-2024,Weekday,Morning,34.18,scattered clouds,Crowded,,0,No movement,0.00,,,,,,,,,,,-112,-16,0,2147483647,1,,,,,,,,,,
10:53,13.0151533,80.2397933,1.4119999408721924,0.7839999794960022,22,4G,Airtel,Tuesday,17-09-2024,Weekday,Morning,34.18,scattered clouds,Crowded,,0,No movement,0.00,,,,,,,,,,,-114,-19,0,2147483647,1,,,,,,,,,,
10:53,13.0151533,80.2397933,1.4119999408721924,0.7839999794960022,22,4G,Airtel,Tuesday,17-09-2024,Weekday,Morning,34.18,scattered clouds,Crowded,,0,No movement,0.00,,,,,,,,,,,-111,-16,0,2147483647,1,,,,,,,,,,
10:53,13.0151533,80.2397933,1.4119999408721924,0.7839999794960022,22,4G,Airtel,Tuesday,17-09-2024,Weekday,Morning,34.18,scattered clouds,Crowded,,0,No movement,0.00,,,,,,,,,,,-113,-18,0,2147483647,1,,,,,,,,,,
10:53,13.0149791,80.2399275,1.4119999408721924,0.7839999794960022,22,4G,Airtel,Tuesday,17-09-2024,Weekday,Morning,34.68,scattered clouds,Crowded,,0,No movement,0.01,,,,,,,,,,,-105,-15,0,2147483647,1,,,,,,,,,,
10:53,13.0149779,80.2399284,1.4119999408721924,0.7839999794960022,22,4G,Airtel,Tuesday,17-09-2024,Weekday,Morning,34.68,scattered clouds,Crowded,,0,No movement,0.01,,,,,,,,,,,-105,-15,0,2147483647,1,,,,,,,,,,
10:53,13.0149779,80.2399284,1.4119999408721924,0.7839999794960022,22,4G,Airtel,Tuesday,17-09-2024,Weekday,Morning,34.68,scattered clouds,Crowded,,0,No movement,0.00,,,,,,,,,,,-108,-15,0,2147483647,1,,,,,,,,,,
10:53,13.0149702,80.2399365,1.4119999408721924,0.7839999794960022,22,4G,Airtel,Tuesday,17-09-2024,Weekday,Morning,34.68,scattered clouds,Crowded,,0,No movement,0.00,,,,,,,,,,,-106,-15,0,2147483647,1,,,,,,,,,,
10:53,13.0149701,80.2399365,1.4119999408721924,0.7839999794960022,22,4G,Airtel,Tuesday,17-09-2024,Weekday,Morning,34.68,scattered clouds,Crowded,,0,No movement,0.00,,,,,,,,,,,-115,-20,0,2147483647,1,,,,,,,,,,
10:53,13.01497,80.2399367,1.4119999408721924,0.7839999794960022,22,4G,Airtel,Tuesday,17-09-2024,Weekday,Morning,34.68,scattered clouds,Crowded,,0,No movement,0.00,,,,,,,,,,,-115,-20,0,2147483647,1,,,,,,,,,,
10:54,13.01497,80.2399367,1.4119999408721924,0.7839999794960022,22,4G,Airtel,Tuesday,17-09-2024,Weekday,Morning,34.68,scattered clouds,Crowded,,0,No movement,0.00,,,,,,,,,,,-105,-13,0,2147483647,1,,,,,,,,,,
10:54,13.01497,80.2399367,1.4119999408721924,0.7839999794960022,22,4G,Airtel,Tuesday,17-09-2024,Weekday,Morning,34.68,scattered clouds,Crowded,,0,No movement,0.00,,,,,,,,,,,-109,-14,0,2147483647,1,,,,,,,,,,
10:54,13.01497,80.2399367,1.4119999408721924,0.7839999794960022,22,4G,Airtel,Tuesday,17-09-2024,Weekday,Morning,34.68,scattered clouds,Crowded,,0,No movement,0.00,,,,,,,,,,,-107,-15,0,2147483647,1,,,,,,,,,,
10:54,13.01497,80.2399367,1.4119999408721924,0.7839999794960022,22,4G,Airtel,Tuesday,17-09-2024,Weekday,Morning,34.68,scattered clouds,Crowded,,0,No movement,0.00,,,,,,,,,,,-106,-13,0,2147483647,1,,,,,,,,,,
10:54,13.0148681,80.2398957,1.4119999408721924,0.7839999794960022,22,4G,Airtel,Tuesday,17-09-2024,Weekday,Morning,34.68,scattered clouds,Crowded,,0,No movement,0.12,,,,,,,,,,,-107,-14,0,2147483647,1,,,,,,,,,,
10:54,13.0148656,80.2398956,1.4119999408721924,0.7839999794960022,22,4G,Airtel,Tuesday,17-09-2024,Weekday,Morning,34.68,scattered clouds,Crowded,,0,No movement,0.12,,,,,,,,,,,-107,-14,0,2147483647,1,,,,,,,,,,
10:54,13.0148656,80.2398956,1.4119999408721924,0.7839999794960022,22,4G,Airtel,Tuesday,17-09-2024,Weekday,Morning,34.68,scattered clouds,Crowded,,0,No movement,0.06,,,,,,,,,,,-106,-13,0,2147483647,1,,,,,,,,,,
10:54,13.0148026,80.2399049,1.4119999408721924,0.7839999794960022,22,4G,Airtel,Tuesday,17-09-2024,Weekday,Morning,34.68,scattered clouds,Crowded,,0,No movement,0.06,,,,,,,,,,,-106,-9,0,2147483647,1,,,,,,,,,,
10:54,13.0148026,80.2399049,1.4119999408721924,0.7839999794960022,22,4G,Airtel,Tuesday,17-09-2024,Weekday,Morning,34.68,scattered clouds,Crowded,,0,No movement,0.06,,,,,,,,,,,-114,-17,0,2147483647,1,,,,,,,,,,
10:54,13.0148017,80.239905,1.4119999408721924,0.7839999794960022,22,4G,Airtel,Tuesday,17-09-2024,Weekday,Morning,34.68,scattered clouds,Crowded,,0,No movement,0.00,,,,,,,,,,,-117,-20,0,2147483647,1,,,,,,,,,,
11:19,13.0151449,80.239844,1.5160000324249268,0.07100000232458115,45,4G,Airtel,Tuesday,17-09-2024,Weekday,Morning,35.44,scattered clouds,Crowded,Sanbagam,0,No movement,0.08,,,,,,,,,,,-126,-18,0,2147483647,3,,,,,,,,,,Yuvaraj 
11:19,13.0151449,80.239844,1.5160000324249268,0.07100000232458115,45,4G,Airtel,Tuesday,17-09-2024,Weekday,Morning,35.44,scattered clouds,Crowded,Sanbagam,0,No movement,0.08,,,,,,,,,,,-123,-14,0,2147483647,3,,,,,,,,,,Yuvaraj 
11:19,13.0151458,80.2398468,1.5160000324249268,0.07100000232458115,45,4G,Airtel,Tuesday,17-09-2024,Weekday,Morning,35.44,scattered clouds,Crowded,Sanbagam,0,No movement,0.08,,,,,,,,,,,-125,-15,0,2147483647,3,,,,,,,,,,Yuvaraj 
11:19,13.0151467,80.2398486,1.5160000324249268,0.07100000232458115,45,4G,Airtel,Tuesday,17-09-2024,Weekday,Morning,35.44,scattered clouds,Crowded,Sanbagam,0,No movement,0.03,,,,,,,,,,,-125,-20,0,2147483647,3,,,,,,,,,,Yuvaraj 
11:19,13.0151467,80.2398486,1.5160000324249268,0.07100000232458115,45,4G,Airtel,Tuesday,17-09-2024,Weekday,Morning,35.44,scattered clouds,Crowded,Sanbagam,0,No movement,0.03,,,,,,,,,,,-123,-17,0,2147483647,3,,,,,,,,,,Yuvaraj 
11:19,13.0151467,80.2398486,1.5160000324249268,0.07100000232458115,45,4G,Airtel,Tuesday,17-09-2024,Weekday,Morning,35.44,scattered clouds,Crowded,Sanbagam,0,No movement,0.18,,,,,,,,,,,-124,-19,0,2147483647,3,,,,,,,,,,Yuvaraj 
11:19,13.0151447,80.2398402,1.5160000324249268,0.07100000232458115,45,4G,Airtel,Tuesday,17-09-2024,Weekday,Morning,35.44,scattered clouds,Crowded,Sanbagam,0,No movement,0.18,,,,,,,,,,,-124,-18,0,2147483647,3,,,,,,,,,,Yuvaraj 
11:19,13.0151447,80.2398402,1.5160000324249268,0.07100000232458115,45,4G,Airtel,Tuesday,17-09-2024,Weekday,Morning,35.44,scattered clouds,Crowded,Sanbagam,0,No movement,0.02,,,,,,,,,,,-122,-17,0,2147483647,3,,,,,,,,,,Yuvaraj 
11:28,13.0148499,80.2385495,123.21700286865234,0.796999990940094,11,4G,Airtel,Tuesday,17-09-2024,Weekday,Morning,35.62,scattered clouds,Crowded,Hostel Road 2,0,Walking,0.81,,,,,,,,,,,-99,-20,0,2147483647,3,,-107,,,,,,,,Yuvaraj 
11:28,13.014848,80.2384502,123.21700286865234,0.796999990940094,11,4G,Airtel,Tuesday,17-09-2024,Weekday,Morning,35.62,scattered clouds,Crowded,Hostel Road 2,0,Walking,0.89,,,,,,,,,,,-92,-12,0,2147483647,3,,-107,,,,,,,,Yuvaraj 
11:28,13.0148726,80.2384328,123.21700286865234,0.796999990940094,11,4G,Airtel,Tuesday,17-09-2024,Weekday,Morning,35.62,scattered clouds,Crowded,Hostel Road 2,0,Walking,0.89,,,,,,,,,,,-100,-19,0,2147483647,3,,-107,,,,,,,,Yuvaraj 
11:28,13.0148896,80.2384142,123.21700286865234,0.796999990940094,11,4G,Airtel,Tuesday,17-09-2024,Weekday,Morning,35.62,scattered clouds,Crowded,Hostel Road 2,0,Walking,0.82,,,,,,,,,,,-100,-19,0,2147483647,3,,-107,,,,,,,,Yuvaraj 
11:28,13.0149049,80.2383923,123.21700286865234,0.796999990940094,11,4G,Airtel,Tuesday,17-09-2024,Weekday,Morning,35.62,scattered clouds,Crowded,Hostel Road 2,0,Walking,0.82,,,,,,,,,,,-100,-19,0,2147483647,3,,-107,,,,,,,,Yuvaraj 
11:28,13.0149226,80.2383742,123.21700286865234,0.796999990940094,11,4G,Airtel,Tuesday,17-09-2024,Weekday,Morning,35.62,scattered clouds,Crowded,Hostel Road 2,0,Walking,0.82,,,,,,,,,,,-91,-11,0,2147483647,3,,-107,,,,,,,,Yuvaraj 
11:28,13.0149275,80.2383537,123.21700286865234,0.796999990940094,11,4G,Airtel,Tuesday,17-09-2024,Weekday,Morning,35.62,scattered clouds,Crowded,Hostel Road 2,0,Walking,0.88,,,,,,,,,,,-91,-11,0,2147483647,3,,-107,,,,,,,,Yuvaraj 
11:28,13.01494,80.2383413,123.21700286865234,0.796999990940094,11,4G,Airtel,Tuesday,17-09-2024,Weekday,Morning,35.62,scattered clouds,Crowded,Hostel Road 2,0,Walking,0.88,,,,,,,,,,,-93,-11,0,2147483647,3,,-107,,,,,,,,Yuvaraj 
11:29,13.0151106,80.2379768,62.584999084472656,0.4440000057220459,18,4G,Airtel,Tuesday,17-09-2024,Weekday,Morning,35.44,scattered clouds,Crowded,Hostel Road 2,0,Walking,0.89,,,,,,,,,,,-96,-20,0,2147483647,3,,-107,,,,,,,,Yuvaraj 
11:29,13.0151345,80.2379197,62.584999084472656,0.4440000057220459,18,4G,Airtel,Tuesday,17-09-2024,Weekday,Morning,35.44,scattered clouds,Crowded,Hostel Road 2,0,Walking,0.95,,,,,,,,,,,-84,-10,0,2147483647,3,,-107,,,,,,,,Yuvaraj 
11:29,13.0151407,80.237891,62.584999084472656,0.4440000057220459,18,4G,Airtel,Tuesday,17-09-2024,Weekday,Morning,35.44,scattered clouds,Crowded,Hostel Road 2,0,Walking,0.95,,,,,,,,,,,-84,-10,0,2147483647,3,,-107,,,,,,,,Yuvaraj 
11:29,13.0151439,80.2378777,62.584999084472656,0.4440000057220459,18,4G,Airtel,Tuesday,17-09-2024,Weekday,Morning,35.44,scattered clouds,Crowded,Hostel Road 2,0,Walking,0.87,,,,,,,,,,,-98,-20,0,2147483647,3,,-107,,,,,,,,Yuvaraj 
11:29,13.0151517,80.2378586,62.584999084472656,0.4440000057220459,18,4G,Airtel,Tuesday,17-09-2024,Weekday,Morning,35.44,scattered clouds,Crowded,Hostel Road 2,0,Walking,0.87,,,,,,,,,,,-98,-20,0,2147483647,3,,-107,,,,,,,,Yuvaraj 
11:29,13.0151584,80.2378393,62.584999084472656,0.4440000057220459,18,4G,Airtel,Tuesday,17-09-2024,Weekday,Morning,35.44,scattered clouds,Crowded,Hostel Road 2,0,Walking,0.87,,,,,,,,,,,-85,-10,0,2147483647,3,,-107,,,,,,,,Yuvaraj 
11:29,13.0151653,80.2378187,62.584999084472656,0.4440000057220459,18,4G,Airtel,Tuesday,17-09-2024,Weekday,Morning,35.44,scattered clouds,Crowded,Hostel Road 2,0,Walking,0.99,,,,,,,,,,,-89,-11,0,2147483647,3,,-107,,,,,,,,Yuvaraj 
11:29,13.0151665,80.2377964,62.584999084472656,0.4440000057220459,18,4G,Airtel,Tuesday,17-09-2024,Weekday,Morning,35.44,scattered clouds,Crowded,Hostel Road 2,0,Walking,0.99,,,,,,,,,,,-87,-11,0,2147483647,3,,-107,,,,,,,,Yuvaraj 
11:29,13.0151638,80.237784,62.584999084472656,0.4440000057220459,18,4G,Airtel,Tuesday,17-09-2024,Weekday,Morning,35.44,scattered clouds,Crowded,Hostel Road 2,0,Walking,0.91,,,,,,,,,,,-88,-11,0,2147483647,3,,-107,,,,,,,,Yuvaraj 
11:29,13.0151669,80.2377638,62.584999084472656,0.4440000057220459,18,4G,Airtel,Tuesday,17-09-2024,Weekday,Morning,35.44,scattered clouds,Crowded,Hostel Road 2,0,Walking,0.91,,,,,,,,,,,-96,-20,0,2147483647,3,,-107,,,,,,,,Yuvaraj 
11:30,13.0152333,80.2376833,13.182000160217285,0.13699999451637268,15,4G,Airtel,Tuesday,17-09-2024,Weekday,Morning,35.49,scattered clouds,Crowded,samanthi ,0,No movement,0.00,,,,,,,,,,,-104,-20,0,2147483647,3,,-44,,,,,,,,Yazhiniyan 
11:30,13.0152333,80.2376833,13.182000160217285,0.13699999451637268,15,4G,Airtel,Tuesday,17-09-2024,Weekday,Morning,35.49,scattered clouds,Crowded,samanthi ,0,No movement,0.00,,,,,,,,,,,-93,-11,0,2147483647,3,,-44,,,,,,,,Yazhiniyan 
11:30,13.0152333,80.2376833,13.182000160217285,0.13699999451637268,15,4G,Airtel,Tuesday,17-09-2024,Weekday,Morning,35.49,scattered clouds,Crowded,samanthi ,0,No movement,0.00,,,,,,,,,,,-91,-11,0,2147483647,3,,-44,,,,,,,,Yazhiniyan 
11:31,13.0152333,80.2376833,13.182000160217285,0.13699999451637268,15,4G,Airtel,Tuesday,17-09-2024,Weekday,Morning,35.49,scattered clouds,Crowded,samanthi ,0,No movement,0.00,,,,,,,,,,,-92,-11,0,2147483647,3,,-44,,,,,,,,Yazhiniyan 
11:31,13.0152333,80.2376833,13.182000160217285,0.13699999451637268,15,4G,Airtel,Tuesday,17-09-2024,Weekday,Morning,35.49,scattered clouds,Crowded,samanthi ,0,No movement,0.00,,,,,,,,,,,-93,-12,0,2147483647,3,,-113,,,,,,,,Yazhiniyan 
11:31,13.0152333,80.2376833,13.182000160217285,0.13699999451637268,15,4G,Airtel,Tuesday,17-09-2024,Weekday,Morning,35.49,scattered clouds,Crowded,samanthi ,0,No movement,0.00,,,,,,,,,,,-91,-11,0,2147483647,3,,-113,,,,,,,,Yazhiniyan 
11:31,13.0152333,80.2376833,13.182000160217285,0.13699999451637268,15,4G,Airtel,Tuesday,17-09-2024,Weekday,Morning,35.49,scattered clouds,Crowded,samanthi ,0,No movement,0.00,,,,,,,,,,,-95,-12,0,2147483647,3,,-113,,,,,,,,Yazhiniyan 
11:31,13.0152328,80.2376763,13.182000160217285,0.13699999451637268,15,4G,Airtel,Tuesday,17-09-2024,Weekday,Morning,35.49,scattered clouds,Crowded,samanthi ,0,No movement,0.19,,,,,,,,,,,-95,-11,0,2147483647,3,,-113,,,,,,,,Yazhiniyan 
11:31,13.0152355,80.2376754,13.182000160217285,0.13699999451637268,15,4G,Airtel,Tuesday,17-09-2024,Weekday,Morning,35.49,scattered clouds,Crowded,samanthi ,0,No movement,0.19,,,,,,,,,,,-95,-11,0,2147483647,3,,-113,,,,,,,,Yazhiniyan 
11:31,13.0152348,80.2376758,13.182000160217285,0.13699999451637268,15,4G,Airtel,Tuesday,17-09-2024,Weekday,Morning,35.49,scattered clouds,Crowded,samanthi ,0,No movement,0.19,,,,,,,,,,,-96,-11,0,2147483647,3,,-113,,,,,,,,Yazhiniyan 
11:38,13.0134203,80.2361802,28.908000946044922,0.5540000200271606,11,4G,Airtel,Tuesday,17-09-2024,Weekday,Morning,35.43,scattered clouds,Free,blue shed,0,Slow Walking,0.25,,,,,,,,,,,-108,-18,0,2147483647,1,,-112,,,,,,,,Yazhiniyan 
11:38,13.0134091,80.2361962,28.908000946044922,0.5540000200271606,11,4G,Airtel,Tuesday,17-09-2024,Weekday,Morning,35.43,scattered clouds,Free,blue shed,0,No movement,0.19,,,,,,,,,,,-113,-20,0,2147483647,1,,-112,,,,,,,,Yazhiniyan 
11:38,13.0134236,80.2362145,28.908000946044922,0.5540000200271606,11,4G,Airtel,Tuesday,17-09-2024,Weekday,Morning,35.43,scattered clouds,Free,blue shed,0,Slow Walking,0.25,,,,,,,,,,,-110,-20,0,2147483647,1,,-44,,,,,,,,Yazhiniyan 
11:38,13.0134319,80.2362091,28.908000946044922,0.5540000200271606,11,4G,Airtel,Tuesday,17-09-2024,Weekday,Morning,35.43,scattered clouds,Free,blue shed,0,Slow Walking,0.45,,,,,,,,,,,-102,-10,0,2147483647,1,,-44,,,,,,,,Yazhiniyan 
11:38,13.0134294,80.2362105,28.908000946044922,0.5540000200271606,11,4G,Airtel,Tuesday,17-09-2024,Weekday,Morning,35.43,scattered clouds,Free,blue shed,0,Slow Walking,0.45,,,,,,,,,,,-102,-10,0,2147483647,1,,-44,,,,,,,,Yazhiniyan 
11:38,13.0134282,80.2362143,28.908000946044922,0.5540000200271606,11,4G,Airtel,Tuesday,17-09-2024,Weekday,Morning,35.43,scattered clouds,Free,blue shed,0,Slow Walking,0.28,,,,,,,,,,,-113,-18,0,2147483647,1,,-97,,,,,,,,Yazhiniyan 
11:38,13.0134341,80.2362224,28.908000946044922,0.5540000200271606,11,4G,Airtel,Tuesday,17-09-2024,Weekday,Morning,35.43,scattered clouds,Free,blue shed,0,Slow Walking,0.51,,,,,,,,,,,-108,-17,0,2147483647,3,,-117,,,,,,,,Yazhiniyan 
11:38,13.0134435,80.2362003,28.908000946044922,0.5540000200271606,11,4G,Airtel,Tuesday,17-09-2024,Weekday,Morning,35.43,scattered clouds,Free,blue shed,0,Slow Walking,0.51,,,,,,,,,,,-108,-17,0,2147483647,3,,-117,,,,,,,,Yazhiniyan 
11:38,13.0134536,80.2362012,28.908000946044922,0.5540000200271606,11,4G,Airtel,Tuesday,17-09-2024,Weekday,Morning,35.43,scattered clouds,Free,blue shed,0,Slow Walking,0.51,,,,,,,,,,,-108,-16,0,2147483647,3,,-117,,,,,,,,Yazhiniyan 
11:38,13.0134604,80.2362061,28.908000946044922,0.5540000200271606,11,4G,Airtel,Tuesday,17-09-2024,Weekday,Morning,35.43,scattered clouds,Free,blue shed,0,Slow Walking,0.59,,,,,,,,,,,-110,-20,0,2147483647,3,,-117,,,,,,,,Yazhiniyan 
11:38,13.0134711,80.2362027,28.908000946044922,0.5540000200271606,11,4G,Airtel,Tuesday,17-09-2024,Weekday,Morning,35.43,scattered clouds,Free,blue shed,0,Slow Walking,0.59,,,,,,,,,,,-107,-18,0,2147483647,3,,-117,,,,,,,,Yazhiniyan 
11:38,13.0134829,80.2362123,28.908000946044922,0.5540000200271606,11,4G,Airtel,Tuesday,17-09-2024,Weekday,Morning,35.43,scattered clouds,Free,blue shed,0,Walking,0.73,,,,,,,,,,,-105,-19,0,2147483647,3,,-117,,,,,,,,Yazhiniyan 
11:38,13.0134859,80.2362181,28.908000946044922,0.5540000200271606,11,4G,Airtel,Tuesday,17-09-2024,Weekday,Morning,35.43,scattered clouds,Free,blue shed,0,Walking,0.73,,,,,,,,,,,-103,-14,0,2147483647,3,,-117,,,,,,,,Yazhiniyan 
11:38,13.0134804,80.2362264,28.908000946044922,0.5540000200271606,11,4G,Airtel,Tuesday,17-09-2024,Weekday,Morning,35.43,scattered clouds,Free,blue shed,0,Walking,0.73,,,,,,,,,,,-103,-14,0,2147483647,3,,-117,,,,,,,,Yazhiniyan 
11:38,13.0134607,80.2362446,28.908000946044922,0.5540000200271606,11,4G,Airtel,Tuesday,17-09-2024,Weekday,Morning,35.43,scattered clouds,Free,blue shed,0,Slow Walking,0.58,,,,,,,,,,,-106,-18,0,2147483647,3,,-117,,,,,,,,Yazhiniyan 
11:38,13.0134493,80.2362593,28.908000946044922,0.5540000200271606,11,4G,Airtel,Tuesday,17-09-2024,Weekday,Morning,35.43,scattered clouds,Free,blue shed,0,Slow Walking,0.58,,,,,,,,,,,-109,-19,0,2147483647,3,,-115,,,,,,,,Yazhiniyan 
11:36,13.0131069,80.2363245,0.0,0.0,0,4G,Airtel,Tuesday,17-09-2024,Weekday,Morning,35.43,scattered clouds,Crowded,,0,No movement,0.00,,,,,,,,,,,-106,-18,0,2147483647,3,,,,,,,,,,
11:38,13.0133947,80.2357305,234.4239959716797,3.0290000438690186,12,4G,Airtel,Tuesday,17-09-2024,Weekday,Morning,35.43,scattered clouds,Crowded,Knowledge Park,0,No movement,0.12,,,,,,,,,,,-107,-17,0,2147483647,3,,,,,,,,,,Yuvaraj 
11:38,13.0133958,80.2357308,234.4239959716797,3.0290000438690186,12,4G,Airtel,Tuesday,17-09-2024,Weekday,Morning,35.43,scattered clouds,Crowded,Knowledge Park,0,No movement,0.12,,,,,,,,,,,-107,-16,0,2147483647,3,,,,,,,,,,Yuvaraj 
11:38,13.0133994,80.2357289,234.4239959716797,3.0290000438690186,12,4G,Airtel,Tuesday,17-09-2024,Weekday,Morning,35.43,scattered clouds,Crowded,Knowledge Park,0,No movement,0.12,,,,,,,,,,,-109,-16,0,2147483647,3,,,,,,,,,,Yuvaraj 
11:38,13.0133989,80.2357337,234.4239959716797,3.0290000438690186,12,4G,Airtel,Tuesday,17-09-2024,Weekday,Morning,35.43,scattered clouds,Crowded,Knowledge Park,0,Slow Walking,0.29,,,,,,,,,,,-109,-16,0,2147483647,3,,,,,,,,,,Yuvaraj 
11:39,13.0134475,80.2357244,279.85198974609375,3.3429999351501465,10,4G,Airtel,Tuesday,17-09-2024,Weekday,Morning,35.43,scattered clouds,Crowded,Knowledge Park,0,No movement,0.11,,,,,,,,,,,-105,-15,0,2147483647,3,,,,,,,,,,Yuvaraj 
11:39,13.0134474,80.2357244,279.85198974609375,3.3429999351501465,10,4G,Airtel,Tuesday,17-09-2024,Weekday,Morning,35.43,scattered clouds,Crowded,Knowledge Park,0,No movement,0.00,,,,,,,,,,,-105,-15,0,2147483647,3,,,,,,,,,,Yuvaraj 
11:39,13.0134474,80.2357244,279.85198974609375,3.3429999351501465,10,4G,Airtel,Tuesday,17-09-2024,Weekday,Morning,35.43,scattered clouds,Crowded,Knowledge Park,0,No movement,0.00,,,,,,,,,,,-107,-17,0,2147483647,3,,,,,,,,,,Yuvaraj 
11:39,13.0140276,80.2357855,0.6169999837875366,0.07800000160932541,41,4G,Jio,Tuesday,17-09-2024,Weekday,Morning,35.43,scattered clouds,Free,PrintingDeptRoad,0,No movement,0.00,,,,,,,,,,,-120,-20,0,0,40,,,,,,,,,,Hariharan
11:39,13.0131399,80.2357618,0.6169999837875366,0.07800000160932541,41,4G,Jio,Tuesday,17-09-2024,Weekday,Morning,35.43,scattered clouds,Free,PrintingDeptRoad,0,Slow Walking,0.22,,,,,,,,,,,-116,-19,0,0,40,,,,,,,,,,Hariharan
11:39,13.0131889,80.2357488,0.6169999837875366,0.07800000160932541,41,4G,Jio,Tuesday,17-09-2024,Weekday,Morning,35.43,scattered clouds,Free,PrintingDeptRoad,0,Slow Walking,0.33,,,,,,,,,,,-116,-19,0,0,40,,,,,,,,,,Hariharan
11:40,13.0131463,80.2357633,0.6169999837875366,0.07800000160932541,41,4G,Jio,Tuesday,17-09-2024,Weekday,Morning,35.43,scattered clouds,Free,PrintingDeptRoad,0,Slow Walking,0.33,,,,,,,,,,,-117,-19,0,0,40,,,,,,,,,,Hariharan
11:40,13.0131463,80.2357633,0.6169999837875366,0.07800000160932541,41,4G,Jio,Tuesday,17-09-2024,Weekday,Morning,35.43,scattered clouds,Free,PrintingDeptRoad,0,Slow Walking,0.62,,,,,,,,,,,-120,-18,0,0,40,,,,,,,,,,Hariharan
11:40,13.0131376,80.2357572,0.6169999837875366,0.07800000160932541,41,4G,Jio,Tuesday,17-09-2024,Weekday,Morning,35.43,scattered clouds,Free,PrintingDeptRoad,0,Walking,0.74,,,,,,,,,,,-118,-20,0,0,40,,,,,,,,,,Hariharan
11:40,13.013132,80.2357504,0.6169999837875366,0.07800000160932541,41,4G,Jio,Tuesday,17-09-2024,Weekday,Morning,35.43,scattered clouds,Free,PrintingDeptRoad,0,Walking,0.74,,,,,,,,,,,-118,-19,0,0,40,,,,,,,,,,Hariharan
11:40,13.0131458,80.2357374,0.6169999837875366,0.07800000160932541,41,4G,Jio,Tuesday,17-09-2024,Weekday,Morning,35.43,scattered clouds,Free,PrintingDeptRoad,0,Walking,0.81,,,,,,,,,,,-119,-19,0,0,40,,,,,,,,,,Hariharan
11:40,13.0131561,80.2357434,0.6169999837875366,0.07800000160932541,41,4G,Jio,Tuesday,17-09-2024,Weekday,Morning,35.43,scattered clouds,Free,PrintingDeptRoad,0,Walking,0.78,,,,,,,,,,,-124,-21,0,0,40,,,,,,,,,,Hariharan
11:40,13.0131561,80.2357434,0.6169999837875366,0.07800000160932541,41,4G,Jio,Tuesday,17-09-2024,Weekday,Morning,35.43,scattered clouds,Free,PrintingDeptRoad,0,Walking,0.78,,,,,,,,,,,-112,-13,2,8,40,,,,,,,,,,Hariharan
11:40,13.013147,80.2357525,0.6169999837875366,0.07800000160932541,41,4G,Jio,Tuesday,17-09-2024,Weekday,Morning,35.43,scattered clouds,Free,PrintingDeptRoad,0,Walking,0.78,,,,,,,,,,,-93,-13,0,0,40,,,,,,,,,,Hariharan
11:40,13.0131365,80.2357392,0.6169999837875366,0.07800000160932541,41,4G,Jio,Tuesday,17-09-2024,Weekday,Morning,35.43,scattered clouds,Free,PrintingDeptRoad,0,Slow Walking,0.51,,,,,,,,,,,-121,-22,0,0,40,,,,,,,,,,Hariharan
11:40,13.0131365,80.2357392,0.6169999837875366,0.07800000160932541,41,4G,Jio,Tuesday,17-09-2024,Weekday,Morning,35.43,scattered clouds,Free,PrintingDeptRoad,0,Slow Walking,0.51,,,,,,,,,,,-119,-20,0,0,40,,,,,,,,,,Hariharan
11:39,13.0134515,80.2357234,279.85198974609375,3.3429999351501465,10,4G,Airtel,Tuesday,17-09-2024,Weekday,Morning,35.43,scattered clouds,Crowded,Knowledge Park,0,No movement,0.01,,,,,,,,,,,-109,-20,0,2147483647,3,,,,,,,,,,Yuvaraj 
11:39,13.0134341,80.2356947,279.85198974609375,3.3429999351501465,10,4G,Airtel,Tuesday,17-09-2024,Weekday,Morning,35.43,scattered clouds,Crowded,Knowledge Park,0,No movement,0.00,,,,,,,,,,,-97,-12,0,2147483647,3,,-110,,,,,,,,Yuvaraj 
11:39,13.0134323,80.2356781,279.85198974609375,3.3429999351501465,10,4G,Airtel,Tuesday,17-09-2024,Weekday,Morning,35.43,scattered clouds,Crowded,Knowledge Park,0,No movement,0.00,,,,,,,,,,,-109,-20,0,2147483647,3,,-112,,,,,,,,Yuvaraj 
11:39,13.0134075,80.235681,279.85198974609375,3.3429999351501465,10,4G,Airtel,Tuesday,17-09-2024,Weekday,Morning,35.43,scattered clouds,Crowded,Knowledge Park,0,Slow Walking,0.48,,,,,,,,,,,-109,-20,0,2147483647,3,,-112,,,,,,,,Yuvaraj 
11:39,13.0134264,80.2356858,0.0,0.0,0,4G,Airtel,Tuesday,17-09-2024,Weekday,Morning,35.43,scattered clouds,Crowded,Knowledge Park,0,Slow Walking,0.48,,,,,,,,,,,-110,-18,0,2147483647,3,,-112,,,,,,,,Yuvaraj 
11:40,13.01345,80.2356032,331.75,2.191999912261963,11,4G,Airtel,Tuesday,17-09-2024,Weekday,Morning,35.43,scattered clouds,Crowded,Knowledge Park,0,No movement,0.00,,,,,,,,,,,-110,-17,0,2147483647,3,,-112,,,,,,,,Yuvaraj 
11:40,13.01345,80.2356032,331.75,2.191999912261963,11,4G,Airtel,Tuesday,17-09-2024,Weekday,Morning,35.43,scattered clouds,Crowded,Knowledge Park,0,Slow Walking,0.46,,,,,,,,,,,-111,-20,0,2147483647,3,,-112,,,,,,,,Yuvaraj 
11:40,13.0134385,80.2356187,331.75,2.191999912261963,11,4G,Airtel,Tuesday,17-09-2024,Weekday,Morning,35.43,scattered clouds,Crowded,Knowledge Park,0,Slow Walking,0.46,,,,,,,,,,,-111,-20,0,2147483647,3,,-112,,,,,,,,Yuvaraj 
11:40,13.0134261,80.2356081,331.75,2.191999912261963,11,4G,Airtel,Tuesday,17-09-2024,Weekday,Morning,35.43,scattered clouds,Crowded,Knowledge Park,0,Walking,0.77,,,,,,,,,,,-111,-20,0,2147483647,3,,-110,,,,,,,,Yuvaraj 
11:40,13.0134193,80.2356135,331.75,2.191999912261963,11,4G,Airtel,Tuesday,17-09-2024,Weekday,Morning,35.43,scattered clouds,Crowded,Knowledge Park,0,Walking,0.77,,,,,,,,,,,-110,-19,0,2147483647,3,,-110,,,,,,,,Yuvaraj 
11:39,13.0134667,80.2361,88.197998046875,0.2930000126361847,14,4G,Airtel,Tuesday,17-09-2024,Weekday,Morning,35.43,scattered clouds,Free,blue shed,0,No movement,0.00,,,,,,,,,,,-103,-14,0,2147483647,3,,-115,,,,,,,,Yazhiniyan 
11:39,13.0134667,80.2361,88.197998046875,0.2930000126361847,14,4G,Airtel,Tuesday,17-09-2024,Weekday,Morning,35.43,scattered clouds,Free,blue shed,0,No movement,0.00,,,,,,,,,,,-105,-17,0,2147483647,3,,-115,,,,,,,,Yazhiniyan 
11:40,13.0134667,80.2361,88.197998046875,0.2930000126361847,14,4G,Airtel,Tuesday,17-09-2024,Weekday,Morning,35.43,scattered clouds,Free,blue shed,0,No movement,0.00,,,,,,,,,,,-104,-15,0,2147483647,3,,-115,,,,,,,,Yazhiniyan 
11:40,13.0134667,80.2361,88.197998046875,0.2930000126361847,14,4G,Airtel,Tuesday,17-09-2024,Weekday,Morning,35.43,scattered clouds,Free,blue shed,0,No movement,0.00,,,,,,,,,,,-108,-17,0,2147483647,3,,-115,,,,,,,,Yazhiniyan 
11:40,13.0134667,80.2361,88.197998046875,0.2930000126361847,14,4G,Airtel,Tuesday,17-09-2024,Weekday,Morning,35.43,scattered clouds,Free,blue shed,0,No movement,0.00,,,,,,,,,,,-106,-15,0,2147483647,3,,-115,,,,,,,,Yazhiniyan 
11:40,13.0134667,80.2361,88.197998046875,0.2930000126361847,14,4G,Airtel,Tuesday,17-09-2024,Weekday,Morning,35.43,scattered clouds,Free,blue shed,0,No movement,0.00,,,,,,,,,,,-108,-20,0,2147483647,3,,-115,,,,,,,,Yazhiniyan 
11:40,13.0134662,80.2360984,88.197998046875,0.2930000126361847,14,4G,Airtel,Tuesday,17-09-2024,Weekday,Morning,35.43,scattered clouds,Free,blue shed,0,Slow Walking,0.33,,,,,,,,,,,-110,-20,0,2147483647,3,,-116,,,,,,,,Yazhiniyan 
11:40,13.0134679,80.2360971,88.197998046875,0.2930000126361847,14,4G,Airtel,Tuesday,17-09-2024,Weekday,Morning,35.43,scattered clouds,Free,blue shed,0,Slow Walking,0.33,,,,,,,,,,,-107,-18,0,2147483647,3,,-114,,,,,,,,Yazhiniyan 
11:40,13.0134697,80.2361015,88.197998046875,0.2930000126361847,14,4G,Airtel,Tuesday,17-09-2024,Weekday,Morning,35.43,scattered clouds,Free,blue shed,0,No movement,0.10,,,,,,,,,,,-109,-20,0,2147483647,3,,-44,,,,,,,,Yazhiniyan 
11:40,13.0134685,80.2361013,88.197998046875,0.2930000126361847,14,4G,Airtel,Tuesday,17-09-2024,Weekday,Morning,35.43,scattered clouds,Free,blue shed,0,No movement,0.10,,,,,,,,,,,-105,-16,0,2147483647,3,,-44,,,,,,,,Yazhiniyan 
11:40,13.0134665,80.2361032,0.0,0.0,0,2G,Airtel,Tuesday,17-09-2024,Weekday,Morning,35.43,scattered clouds,Free,blue shed,0,Slow Walking,0.28,null,0,-113,,,,,,,,-105,-16,0,2147483647,3,,-44,,,,,,,,Yazhiniyan 
11:40,13.0134397,80.2356263,331.75,2.191999912261963,11,4G,Airtel,Tuesday,17-09-2024,Weekday,Morning,35.43,scattered clouds,Crowded,Knowledge Park,0,Walking,0.71,,,,,,,,,,,-101,-13,0,2147483647,3,,-110,,,,,,,,Yuvaraj 
11:40,13.0134455,80.2356265,331.75,2.191999912261963,11,4G,Airtel,Tuesday,17-09-2024,Weekday,Morning,35.43,scattered clouds,Crowded,Knowledge Park,0,Walking,0.70,,,,,,,,,,,-98,-11,0,2147483647,3,,-110,,,,,,,,Yuvaraj 
11:41,13.0131432,80.2357094,2.9119999408721924,0.01899999938905239,44,4G,Jio,Tuesday,17-09-2024,Weekday,Morning,35.12,scattered clouds,Free,PrintingDeptRoad,0,No movement,0.12,,,,,,,,,,,-115,-18,0,0,40,,,,,,,,,,Hariharan
11:41,13.0131287,80.2356988,2.9119999408721924,0.01899999938905239,44,4G,Jio,Tuesday,17-09-2024,Weekday,Morning,35.12,scattered clouds,Free,PrintingDeptRoad,0,Slow Walking,0.37,,,,,,,,,,,-115,-16,0,0,40,,,,,,,,,,Hariharan
11:41,13.0131287,80.2356988,2.9119999408721924,0.01899999938905239,44,4G,Jio,Tuesday,17-09-2024,Weekday,Morning,35.12,scattered clouds,Free,PrintingDeptRoad,0,No movement,0.04,,,,,,,,,,,-115,-16,0,0,40,,,,,,,,,,Hariharan
11:41,13.0131266,80.2356969,2.9119999408721924,0.01899999938905239,44,4G,Jio,Tuesday,17-09-2024,Weekday,Morning,35.12,scattered clouds,Free,PrintingDeptRoad,0,No movement,0.11,,,,,,,,,,,-116,-17,0,0,40,,,,,,,,,,Hariharan
11:41,13.0131346,80.235701,2.9119999408721924,0.01899999938905239,44,4G,Jio,Tuesday,17-09-2024,Weekday,Morning,35.12,scattered clouds,Free,PrintingDeptRoad,0,No movement,0.11,,,,,,,,,,,-122,-19,0,0,40,,,,,,,,,,Hariharan
11:41,13.0131154,80.235716,2.9119999408721924,0.01899999938905239,44,4G,Jio,Tuesday,17-09-2024,Weekday,Morning,35.12,scattered clouds,Free,PrintingDeptRoad,0,Walking,0.77,,,,,,,,,,,-116,-19,0,0,40,,,,,,,,,,Hariharan
11:41,13.0130984,80.2357062,2.9119999408721924,0.01899999938905239,44,4G,Jio,Tuesday,17-09-2024,Weekday,Morning,35.12,scattered clouds,Free,PrintingDeptRoad,0,Walking,0.84,,,,,,,,,,,-116,-19,0,0,40,,,,,,,,,,Hariharan
11:41,13.0130906,80.2356863,2.9119999408721924,0.01899999938905239,44,4G,Jio,Tuesday,17-09-2024,Weekday,Morning,35.8,scattered clouds,Free,PrintingDeptRoad,0,Walking,0.84,,,,,,,,,,,-113,-17,0,0,40,,,,,,,,,,Hariharan
11:41,13.0131129,80.2356759,2.9119999408721924,0.01899999938905239,44,4G,Jio,Tuesday,17-09-2024,Weekday,Morning,35.8,scattered clouds,Free,PrintingDeptRoad,0,Walking,0.86,,,,,,,,,,,-113,-17,0,0,40,,,,,,,,,,Hariharan
11:42,13.0131469,80.2356784,2.9119999408721924,0.01899999938905239,44,4G,Jio,Tuesday,17-09-2024,Weekday,Morning,35.12,scattered clouds,Free,PrintingDeptRoad,0,Walking,0.92,,,,,,,,,,,-109,-13,2147483647,6,40,,,,,,,,,,Hariharan
11:42,13.0131469,80.2356784,2.9119999408721924,0.01899999938905239,44,4G,Jio,Tuesday,17-09-2024,Weekday,Morning,35.8,scattered clouds,Free,PrintingDeptRoad,0,Walking,0.92,,,,,,,,,,,-109,-13,2147483647,6,40,,,,,,,,,,Hariharan
11:42,13.0131371,80.2356653,2.9119999408721924,0.01899999938905239,44,4G,Jio,Tuesday,17-09-2024,Weekday,Morning,35.8,scattered clouds,Free,PrintingDeptRoad,0,Walking,0.76,,,,,,,,,,,-94,-15,0,0,40,,,,,,,,,,Hariharan
11:42,13.0131205,80.2356639,2.9119999408721924,0.01899999938905239,44,4G,Jio,Tuesday,17-09-2024,Weekday,Morning,35.12,scattered clouds,Free,PrintingDeptRoad,0,Walking,0.76,,,,,,,,,,,-94,-15,0,0,40,,,,,,,,,,Hariharan
11:42,13.0131078,80.2356689,2.9119999408721924,0.01899999938905239,44,4G,Jio,Tuesday,17-09-2024,Weekday,Morning,35.8,scattered clouds,Free,PrintingDeptRoad,0,No movement,0.08,,,,,,,,,,,-113,-19,0,0,3,,,,,,,,,,Hariharan
11:41,13.0134667,80.2361,76.75399780273438,0.4830000102519989,9,4G,Airtel,Tuesday,17-09-2024,Weekday,Morning,35.43,scattered clouds,Free,blue shed,0,No movement,0.00,null,0,-113,,,,,,,,-108,-19,0,2147483647,3,,-44,,,,,,,,Yazhiniyan 
11:41,13.0134667,80.2361,76.75399780273438,0.4830000102519989,9,4G,Airtel,Tuesday,17-09-2024,Weekday,Morning,35.43,scattered clouds,Free,blue shed,0,No movement,0.00,null,0,-113,,,,,,,,-104,-16,0,2147483647,3,,-44,,,,,,,,Yazhiniyan 
11:41,13.0134667,80.2361,76.75399780273438,0.4830000102519989,9,4G,Airtel,Tuesday,17-09-2024,Weekday,Morning,35.12,scattered clouds,Free,blue shed,0,No movement,0.00,null,0,-113,,,,,,,,-105,-16,0,2147483647,3,,-44,,,,,,,,Yazhiniyan 
11:41,13.0134667,80.2361,76.75399780273438,0.4830000102519989,9,4G,Airtel,Tuesday,17-09-2024,Weekday,Morning,35.12,scattered clouds,Free,blue shed,0,No movement,0.00,null,0,-113,,,,,,,,-106,-18,0,2147483647,3,,-44,,,,,,,,Yazhiniyan 
11:41,13.0134667,80.2361,76.75399780273438,0.4830000102519989,9,4G,Airtel,Tuesday,17-09-2024,Weekday,Morning,35.12,scattered clouds,Free,blue shed,0,No movement,0.00,null,0,-113,,,,,,,,-107,-16,0,2147483647,3,,-110,,,,,,,,Yazhiniyan 
11:41,13.0134715,80.2360345,76.75399780273438,0.4830000102519989,9,4G,Airtel,Tuesday,17-09-2024,Weekday,Morning,35.12,scattered clouds,Free,blue shed,0,Slow Walking,0.44,null,0,-113,,,,,,,,-105,-18,0,2147483647,3,,-111,,,,,,,,Yazhiniyan 
11:41,13.0134628,80.2359921,76.75399780273438,0.4830000102519989,9,4G,Airtel,Tuesday,17-09-2024,Weekday,Morning,35.12,scattered clouds,Free,blue shed,0,Slow Walking,0.44,null,0,-113,,,,,,,,-104,-17,0,2147483647,3,,-111,,,,,,,,Yazhiniyan 
11:41,13.0134652,80.2359921,76.75399780273438,0.4830000102519989,9,4G,Airtel,Tuesday,17-09-2024,Weekday,Morning,35.12,scattered clouds,Free,blue shed,0,Slow Walking,0.44,null,0,-113,,,,,,,,-104,-16,0,2147483647,3,,-111,,,,,,,,Yazhiniyan 
11:41,13.0134516,80.2360306,76.75399780273438,0.4830000102519989,9,4G,Airtel,Tuesday,17-09-2024,Weekday,Morning,35.12,scattered clouds,Free,blue shed,0,Slow Walking,0.58,null,0,-113,,,,,,,,-107,-20,0,2147483647,3,,-112,,,,,,,,Yazhiniyan 
11:41,13.0134436,80.236048,76.75399780273438,0.4830000102519989,9,4G,Airtel,Tuesday,17-09-2024,Weekday,Morning,35.12,scattered clouds,Free,blue shed,0,Slow Walking,0.54,null,0,-113,,,,,,,,-110,-20,0,2147483647,3,,-112,,,,,,,,Yazhiniyan 
11:41,13.0134464,80.2360489,76.75399780273438,0.4830000102519989,9,4G,Airtel,Tuesday,17-09-2024,Weekday,Morning,35.12,scattered clouds,Free,blue shed,0,Slow Walking,0.54,null,0,-113,,,,,,,,-109,-20,0,2147483647,3,,-112,,,,,,,,Yazhiniyan 
11:41,13.0134477,80.2360583,76.75399780273438,0.4830000102519989,9,4G,Airtel,Tuesday,17-09-2024,Weekday,Morning,35.12,scattered clouds,Free,blue shed,0,Slow Walking,0.29,null,0,-113,,,,,,,,-109,-20,0,2147483647,3,,-112,,,,,,,,Yazhiniyan 
11:41,13.0134494,80.236054,76.75399780273438,0.4830000102519989,9,4G,Airtel,Tuesday,17-09-2024,Weekday,Morning,35.12,scattered clouds,Free,blue shed,0,Slow Walking,0.29,null,0,-113,,,,,,,,-106,-16,0,2147483647,3,,-116,,,,,,,,Yazhiniyan 
11:41,13.0134543,80.2360424,76.75399780273438,0.4830000102519989,9,4G,Airtel,Tuesday,17-09-2024,Weekday,Morning,35.12,scattered clouds,Free,blue shed,0,Slow Walking,0.34,null,0,-113,,,,,,,,-106,-18,0,2147483647,3,,-116,,,,,,,,Yazhiniyan 
11:41,13.0134496,80.2360394,76.75399780273438,0.4830000102519989,9,4G,Airtel,Tuesday,17-09-2024,Weekday,Morning,35.12,scattered clouds,Free,blue shed,0,Slow Walking,0.34,null,0,-113,,,,,,,,-105,-17,0,2147483647,3,,-116,,,,,,,,Yazhiniyan 
11:41,13.0134489,80.2360243,76.75399780273438,0.4830000102519989,9,4G,Airtel,Tuesday,17-09-2024,Weekday,Morning,35.12,scattered clouds,Free,blue shed,0,Slow Walking,0.62,null,0,-113,,,,,,,,-107,-16,0,2147483647,3,,-116,,,,,,,,Yazhiniyan 
11:42,13.0134596,80.2360135,76.75399780273438,0.4830000102519989,9,4G,Airtel,Tuesday,17-09-2024,Weekday,Morning,35.12,scattered clouds,Free,blue shed,0,Slow Walking,0.62,null,0,-113,,,,,,,,-105,-16,0,2147483647,3,,-116,,,,,,,,Yazhiniyan 
11:42,13.013476,80.2360088,76.75399780273438,0.4830000102519989,9,4G,Airtel,Tuesday,17-09-2024,Weekday,Morning,35.12,scattered clouds,Free,blue shed,0,Slow Walking,0.62,null,0,-113,,,,,,,,-105,-16,0,2147483647,3,,-116,,,,,,,,Yazhiniyan 
11:42,13.0134929,80.2360074,76.75399780273438,0.4830000102519989,9,4G,Airtel,Tuesday,17-09-2024,Weekday,Morning,35.12,scattered clouds,Free,blue shed,0,Walking,0.72,null,0,-113,,,,,,,,-106,-15,0,2147483647,3,,-114,,,,,,,,Yazhiniyan 
11:42,13.0134862,80.2360277,76.75399780273438,0.4830000102519989,9,4G,Airtel,Tuesday,17-09-2024,Weekday,Morning,35.12,scattered clouds,Free,blue shed,0,Slow Walking,0.44,null,0,-113,,,,,,,,-104,-17,0,2147483647,3,,-44,,,,,,,,Yazhiniyan 
11:42,13.0134824,80.2360372,76.75399780273438,0.4830000102519989,9,4G,Airtel,Tuesday,17-09-2024,Weekday,Morning,35.12,scattered clouds,Free,blue shed,0,Slow Walking,0.45,null,0,-113,,,,,,,,-107,-17,0,2147483647,3,,-44,,,,,,,,Yazhiniyan 
11:42,13.0134926,80.2360623,76.75399780273438,0.4830000102519989,9,4G,Airtel,Tuesday,17-09-2024,Weekday,Morning,35.12,scattered clouds,Free,blue shed,0,Slow Walking,0.50,null,0,-113,,,,,,,,-113,-19,0,2147483647,3,,-114,,,,,,,,Yazhiniyan 
11:42,13.0135023,80.2360803,76.75399780273438,0.4830000102519989,9,4G,Airtel,Tuesday,17-09-2024,Weekday,Morning,35.12,scattered clouds,Free,blue shed,0,Slow Walking,0.50,null,0,-113,,,,,,,,-110,-20,0,2147483647,3,,-114,,,,,,,,Yazhiniyan 
11:42,13.0135021,80.2360926,76.75399780273438,0.4830000102519989,9,4G,Airtel,Tuesday,17-09-2024,Weekday,Morning,35.12,scattered clouds,Free,blue shed,0,Slow Walking,0.57,null,0,-113,,,,,,,,-110,-20,0,2147483647,3,,-114,,,,,,,,Yazhiniyan 
11:42,13.0134978,80.2361066,76.75399780273438,0.4830000102519989,9,4G,Airtel,Tuesday,17-09-2024,Weekday,Morning,35.12,scattered clouds,Free,blue shed,0,Slow Walking,0.57,null,0,-113,,,,,,,,-108,-18,0,2147483647,3,,-114,,,,,,,,Yazhiniyan 
11:42,13.0134965,80.2361117,76.75399780273438,0.4830000102519989,9,4G,Airtel,Tuesday,17-09-2024,Weekday,Morning,35.12,scattered clouds,Free,blue shed,0,Slow Walking,0.53,null,0,-113,,,,,,,,-109,-20,0,2147483647,3,,-114,,,,,,,,Yazhiniyan 
11:43,13.0134468,80.2355183,169.08799743652344,1.4190000295639038,12,4G,Airtel,Tuesday,17-09-2024,Weekday,Morning,35.12,scattered clouds,Free,Knowledge Park,0,Slow Walking,0.63,,,,,,,,,,,-102,-12,0,2147483647,3,,-110,,,,,,,,Yuvaraj 
11:43,13.0134408,80.2355082,169.08799743652344,1.4190000295639038,12,4G,Airtel,Tuesday,17-09-2024,Weekday,Morning,35.12,scattered clouds,Free,Knowledge Park,0,Slow Walking,0.52,,,,,,,,,,,-109,-19,0,2147483647,3,,-110,,,,,,,,Yuvaraj 
11:43,13.0134155,80.2355158,169.08799743652344,1.4190000295639038,12,4G,Airtel,Tuesday,17-09-2024,Weekday,Morning,35.12,scattered clouds,Free,Knowledge Park,0,Slow Walking,0.52,,,,,,,,,,,-109,-19,0,2147483647,3,,-110,,,,,,,,Yuvaraj 
11:43,13.0133872,80.2355683,169.08799743652344,1.4190000295639038,12,4G,Airtel,Tuesday,17-09-2024,Weekday,Morning,35.12,scattered clouds,Free,Knowledge Park,0,Walking,0.71,,,,,,,,,,,-109,-19,0,2147483647,3,,-110,,,,,,,,Yuvaraj 
11:43,13.013393,80.2355638,169.08799743652344,1.4190000295639038,12,4G,Airtel,Tuesday,17-09-2024,Weekday,Morning,35.12,scattered clouds,Free,Knowledge Park,0,Walking,0.71,,,,,,,,,,,-109,-19,0,2147483647,3,,-110,,,,,,,,Yuvaraj 
11:42,13.0131078,80.2356689,2.9119999408721924,0.01899999938905239,44,4G,Jio,Tuesday,17-09-2024,Weekday,Morning,35.8,scattered clouds,Free,PrintingDeptRoad,0,No movement,0.01,,,,,,,,,,,-117,-19,0,0,40,,,,,,,,,,Hariharan
11:43,13.0130943,80.2356604,5.752999782562256,0.01899999938905239,28,4G,Jio,Tuesday,17-09-2024,Weekday,Morning,35.8,scattered clouds,Free,PrintingDeptRoad,0,Slow Walking,0.48,,,,,,,,,,,-105,-13,2147483647,6,40,,,,,,,,,,Hariharan
11:43,13.0131055,80.2356561,5.752999782562256,0.01899999938905239,28,4G,Jio,Tuesday,17-09-2024,Weekday,Morning,35.8,scattered clouds,Free,PrintingDeptRoad,0,Slow Walking,0.59,,,,,,,,,,,-111,-17,0,0,40,,,,,,,,,,Hariharan
11:43,13.0131055,80.2356561,5.752999782562256,0.01899999938905239,28,4G,Jio,Tuesday,17-09-2024,Weekday,Morning,35.8,scattered clouds,Free,PrintingDeptRoad,0,Slow Walking,0.59,,,,,,,,,,,-111,-18,0,0,40,,,,,,,,,,Hariharan
11:43,13.0131213,80.2356652,5.752999782562256,0.01899999938905239,28,4G,Jio,Tuesday,17-09-2024,Weekday,Morning,35.8,scattered clouds,Free,PrintingDeptRoad,0,Slow Walking,0.59,,,,,,,,,,,-111,-18,0,0,40,,,,,,,,,,Hariharan
11:43,13.0131498,80.2356709,5.752999782562256,0.01899999938905239,28,4G,Jio,Tuesday,17-09-2024,Weekday,Morning,35.8,scattered clouds,Free,PrintingDeptRoad,0,Walking,0.78,,,,,,,,,,,-112,-18,0,0,40,,,,,,,,,,Hariharan
11:43,13.013152,80.2356502,5.752999782562256,0.01899999938905239,28,4G,Jio,Tuesday,17-09-2024,Weekday,Morning,35.8,scattered clouds,Free,PrintingDeptRoad,0,Walking,0.78,,,,,,,,,,,-112,-18,0,0,40,,,,,,,,,,Hariharan
11:43,13.0131268,80.2356497,5.752999782562256,0.01899999938905239,28,4G,Jio,Tuesday,17-09-2024,Weekday,Morning,35.8,scattered clouds,Free,PrintingDeptRoad,0,Walking,0.78,,,,,,,,,,,-113,-19,0,0,40,,,,,,,,,,Hariharan
11:43,13.0131185,80.2356455,5.752999782562256,0.01899999938905239,28,4G,Jio,Tuesday,17-09-2024,Weekday,Morning,35.8,scattered clouds,Free,PrintingDeptRoad,0,Walking,0.75,,,,,,,,,,,-115,-19,0,0,40,,,,,,,,,,Hariharan
11:43,13.013141,80.2356321,5.752999782562256,0.01899999938905239,28,4G,Jio,Tuesday,17-09-2024,Weekday,Morning,35.8,scattered clouds,Free,PrintingDeptRoad,0,Walking,0.75,,,,,,,,,,,-110,-13,2147483647,5,40,,,,,,,,,,Hariharan
11:43,13.0131415,80.2356228,5.752999782562256,0.01899999938905239,28,4G,Jio,Tuesday,17-09-2024,Weekday,Morning,35.8,scattered clouds,Free,PrintingDeptRoad,0,Walking,0.80,,,,,,,,,,,-110,-13,2147483647,5,40,,,,,,,,,,Hariharan
11:43,13.0131253,80.2356219,5.752999782562256,0.01899999938905239,28,4G,Jio,Tuesday,17-09-2024,Weekday,Morning,35.8,scattered clouds,Free,PrintingDeptRoad,0,Walking,0.80,,,,,,,,,,,-115,-19,0,0,40,,,,,,,,,,Hariharan
11:43,13.0131218,80.2356086,5.752999782562256,0.01899999938905239,28,4G,Jio,Tuesday,17-09-2024,Weekday,Morning,35.8,scattered clouds,Free,PrintingDeptRoad,0,Slow Walking,0.63,,,,,,,,,,,-112,-16,0,0,40,,,,,,,,,,Hariharan
11:43,13.0134853,80.2359805,39.84600067138672,0.34599998593330383,13,4G,Airtel,Tuesday,17-09-2024,Weekday,Morning,35.12,scattered clouds,Free,blue shed,0,No movement,0.12,null,0,-113,,,,,,,,-103,-14,0,2147483647,3,,-114,,,,,,,,Yazhiniyan 
11:43,13.0134877,80.235982,39.84600067138672,0.34599998593330383,13,4G,Airtel,Tuesday,17-09-2024,Weekday,Morning,35.12,scattered clouds,Free,blue shed,0,No movement,0.00,null,0,-113,,,,,,,,-104,-17,0,2147483647,3,,-109,,,,,,,,Yazhiniyan 
11:43,13.0134882,80.2359817,39.84600067138672,0.34599998593330383,13,4G,Airtel,Tuesday,17-09-2024,Weekday,Morning,35.12,scattered clouds,Free,blue shed,0,No movement,0.00,null,0,-113,,,,,,,,-104,-17,0,2147483647,3,,-109,,,,,,,,Yazhiniyan 
11:43,13.0134883,80.2359817,39.84600067138672,0.34599998593330383,13,4G,Airtel,Tuesday,17-09-2024,Weekday,Morning,35.12,scattered clouds,Free,blue shed,0,No movement,0.00,null,0,-113,,,,,,,,-104,-17,0,2147483647,3,,-109,,,,,,,,Yazhiniyan 
11:43,13.0134792,80.2360105,39.84600067138672,0.34599998593330383,13,4G,Airtel,Tuesday,17-09-2024,Weekday,Morning,35.12,scattered clouds,Free,blue shed,0,No movement,0.00,null,0,-113,,,,,,,,-104,-15,0,2147483647,3,,-109,,,,,,,,Yazhiniyan 
11:43,13.0134792,80.2360105,39.84600067138672,0.34599998593330383,13,4G,Airtel,Tuesday,17-09-2024,Weekday,Morning,35.12,scattered clouds,Free,blue shed,0,No movement,0.00,null,0,-113,,,,,,,,-108,-17,0,2147483647,3,,-109,,,,,,,,Yazhiniyan 
11:44,13.0134799,80.2360116,39.84600067138672,0.34599998593330383,13,4G,Airtel,Tuesday,17-09-2024,Weekday,Morning,35.12,scattered clouds,Free,blue shed,0,No movement,0.00,null,0,-113,,,,,,,,-108,-17,0,2147483647,3,,-109,,,,,,,,Yazhiniyan 
11:44,13.0134825,80.236012,39.84600067138672,0.34599998593330383,13,4G,Airtel,Tuesday,17-09-2024,Weekday,Morning,35.12,scattered clouds,Free,blue shed,0,No movement,0.00,null,0,-113,,,,,,,,-108,-17,0,2147483647,3,,-109,,,,,,,,Yazhiniyan 
11:44,13.0134825,80.236012,39.84600067138672,0.34599998593330383,13,4G,Airtel,Tuesday,17-09-2024,Weekday,Morning,35.12,scattered clouds,Free,blue shed,0,Slow Walking,0.30,null,0,-113,,,,,,,,-107,-17,0,2147483647,3,,-109,,,,,,,,Yazhiniyan 
11:44,13.0134803,80.2360129,39.84600067138672,0.34599998593330383,13,4G,Airtel,Tuesday,17-09-2024,Weekday,Morning,35.12,scattered clouds,Free,blue shed,0,Slow Walking,0.30,null,0,-113,,,,,,,,-107,-17,0,2147483647,3,,-109,,,,,,,,Yazhiniyan 
11:44,13.0134606,80.2360573,39.84600067138672,0.34599998593330383,13,4G,Airtel,Tuesday,17-09-2024,Weekday,Morning,35.12,scattered clouds,Free,blue shed,0,Walking,0.78,null,0,-113,,,,,,,,-110,-20,0,2147483647,3,,-114,,,,,,,,Yazhiniyan 
11:44,13.0134682,80.2360754,39.84600067138672,0.34599998593330383,13,4G,Airtel,Tuesday,17-09-2024,Weekday,Morning,35.12,scattered clouds,Free,blue shed,0,Walking,0.78,null,0,-113,,,,,,,,-110,-20,0,2147483647,3,,-114,,,,,,,,Yazhiniyan 
11:44,13.0134903,80.2361428,39.84600067138672,0.34599998593330383,13,4G,Airtel,Tuesday,17-09-2024,Weekday,Morning,35.12,scattered clouds,Free,blue shed,0,Slow Walking,0.52,null,0,-113,,,,,,,,-108,-17,0,2147483647,3,,-114,,,,,,,,Yazhiniyan 
11:44,13.0134908,80.2361305,39.84600067138672,0.34599998593330383,13,4G,Airtel,Tuesday,17-09-2024,Weekday,Morning,35.12,scattered clouds,Free,blue shed,0,Slow Walking,0.52,null,0,-113,,,,,,,,-108,-17,0,2147483647,3,,-114,,,,,,,,Yazhiniyan 
11:44,13.0134878,80.2361185,39.84600067138672,0.34599998593330383,13,4G,Airtel,Tuesday,17-09-2024,Weekday,Morning,35.12,scattered clouds,Free,blue shed,0,Slow Walking,0.52,null,0,-113,,,,,,,,-108,-17,0,2147483647,3,,-114,,,,,,,,Yazhiniyan 
11:44,13.0134802,80.2361108,39.84600067138672,0.34599998593330383,13,4G,Airtel,Tuesday,17-09-2024,Weekday,Morning,35.12,scattered clouds,Free,blue shed,0,Walking,0.71,null,0,-113,,,,,,,,-101,-14,0,2147483647,3,,-114,,,,,,,,Yazhiniyan 
11:44,13.0134596,80.2361067,39.84600067138672,0.34599998593330383,13,4G,Airtel,Tuesday,17-09-2024,Weekday,Morning,35.12,scattered clouds,Free,blue shed,0,Walking,0.71,null,0,-113,,,,,,,,-101,-14,0,2147483647,3,,-114,,,,,,,,Yazhiniyan 
11:44,13.01345,80.2361072,39.84600067138672,0.34599998593330383,13,4G,Airtel,Tuesday,17-09-2024,Weekday,Morning,35.12,scattered clouds,Free,blue shed,0,Slow Walking,0.58,null,0,-113,,,,,,,,-106,-18,0,2147483647,3,,-114,,,,,,,,Yazhiniyan 
11:43,13.0131264,80.2356075,5.752999782562256,0.01899999938905239,28,4G,Jio,Tuesday,17-09-2024,Weekday,Morning,35.8,scattered clouds,Free,PrintingDeptRoad,0,No movement,0.18,,,,,,,,,,,-108,-14,2,6,40,,,,,,,,,,Hariharan
11:43,13.0131277,80.235601,5.752999782562256,0.01899999938905239,28,4G,Jio,Tuesday,17-09-2024,Weekday,Morning,35.8,scattered clouds,Free,PrintingDeptRoad,0,No movement,0.18,,,,,,,,,,,-98,-20,0,0,40,,,,,,,,,,Hariharan
11:43,13.0131277,80.235601,0.0,0.0,0,4G,Jio,Tuesday,17-09-2024,Weekday,Morning,35.8,scattered clouds,Free,PrintingDeptRoad,0,No movement,0.08,,,,,,,,,,,-113,-18,0,0,40,,,,,,,,,,Hariharan
11:43,13.0131277,80.235601,0.0,0.0,0,4G,Jio,Tuesday,17-09-2024,Weekday,Morning,35.8,scattered clouds,Free,PrintingDeptRoad,0,No movement,0.09,,,,,,,,,,,-112,-18,0,0,40,,,,,,,,,,Hariharan
11:45,13.0131507,80.2356085,0.5370000004768372,0.013000000268220901,30,4G,Jio,Tuesday,17-09-2024,Weekday,Morning,35.8,scattered clouds,Free,PrintingDeptRoad,0,Slow Walking,0.62,,,,,,,,,,,-118,-20,0,0,40,,,,,,,,,,Hariharan
11:45,13.0131589,80.2355969,0.5370000004768372,0.013000000268220901,30,4G,Jio,Tuesday,17-09-2024,Weekday,Morning,35.8,scattered clouds,Free,PrintingDeptRoad,0,Slow Walking,0.62,,,,,,,,,,,-118,-20,0,0,40,,,,,,,,,,Hariharan
11:45,13.0131577,80.2355998,0.5370000004768372,0.013000000268220901,30,4G,Jio,Tuesday,17-09-2024,Weekday,Morning,35.8,scattered clouds,Free,PrintingDeptRoad,0,Slow Walking,0.62,,,,,,,,,,,-117,-20,0,0,40,,,,,,,,,,Hariharan
11:45,13.013146,80.2355947,0.5370000004768372,0.013000000268220901,30,4G,Jio,Tuesday,17-09-2024,Weekday,Morning,35.8,scattered clouds,Free,PrintingDeptRoad,0,Slow Walking,0.67,,,,,,,,,,,-117,-20,0,0,40,,,,,,,,,,Hariharan
11:45,13.0131314,80.2355949,0.5370000004768372,0.013000000268220901,30,4G,Jio,Tuesday,17-09-2024,Weekday,Morning,35.8,scattered clouds,Free,PrintingDeptRoad,0,Slow Walking,0.67,,,,,,,,,,,-116,-20,0,0,40,,,,,,,,,,Hariharan
11:45,13.0131255,80.2355992,0.5370000004768372,0.013000000268220901,30,4G,Jio,Tuesday,17-09-2024,Weekday,Morning,35.8,scattered clouds,Free,PrintingDeptRoad,0,Slow Walking,0.61,,,,,,,,,,,-116,-20,0,0,40,,,,,,,,,,Hariharan
11:45,13.0131368,80.2355747,0.5370000004768372,0.013000000268220901,30,4G,Jio,Tuesday,17-09-2024,Weekday,Morning,35.8,scattered clouds,Free,PrintingDeptRoad,0,Walking,0.74,,,,,,,,,,,-115,-20,0,0,40,,,,,,,,,,Hariharan
11:45,13.0131331,80.2355706,0.5370000004768372,0.013000000268220901,30,4G,Jio,Tuesday,17-09-2024,Weekday,Morning,35.8,scattered clouds,Free,PrintingDeptRoad,0,Slow Walking,0.51,,,,,,,,,,,-115,-20,0,0,40,,,,,,,,,,Hariharan
11:45,13.0131547,80.2355656,0.5370000004768372,0.013000000268220901,30,4G,Jio,Tuesday,17-09-2024,Weekday,Morning,35.8,scattered clouds,Free,PrintingDeptRoad,0,Slow Walking,0.51,,,,,,,,,,,-115,-20,0,0,40,,,,,,,,,,Hariharan
11:45,13.0131547,80.2355656,0.5370000004768372,0.013000000268220901,30,4G,Jio,Tuesday,17-09-2024,Weekday,Morning,35.8,scattered clouds,Free,PrintingDeptRoad,0,Slow Walking,0.51,,,,,,,,,,,-115,-19,0,0,40,,,,,,,,,,Hariharan
11:45,13.0131732,80.2355668,0.5370000004768372,0.013000000268220901,30,4G,Jio,Tuesday,17-09-2024,Weekday,Morning,35.8,scattered clouds,Free,PrintingDeptRoad,0,Walking,0.80,,,,,,,,,,,-115,-19,0,0,40,,,,,,,,,,Hariharan
11:45,13.0131782,80.2355534,0.5370000004768372,0.013000000268220901,30,4G,Jio,Tuesday,17-09-2024,Weekday,Morning,35.8,scattered clouds,Free,PrintingDeptRoad,0,Walking,0.72,,,,,,,,,,,-113,-19,0,0,40,,,,,,,,,,Hariharan
11:45,13.0131574,80.2355477,0.5370000004768372,0.013000000268220901,30,4G,Jio,Tuesday,17-09-2024,Weekday,Morning,35.8,scattered clouds,Free,PrintingDeptRoad,0,Walking,0.72,,,,,,,,,,,-113,-19,0,0,40,,,,,,,,,,Hariharan
11:45,13.0131592,80.2355332,0.5370000004768372,0.013000000268220901,30,4G,Jio,Tuesday,17-09-2024,Weekday,Morning,35.8,scattered clouds,Free,PrintingDeptRoad,0,Slow Walking,0.62,,,,,,,,,,,-111,-15,0,0,40,,,,,,,,,,Hariharan
11:45,13.0131671,80.235535,0.5370000004768372,0.013000000268220901,30,4G,Jio,Tuesday,17-09-2024,Weekday,Morning,35.8,scattered clouds,Free,PrintingDeptRoad,0,Slow Walking,0.62,,,,,,,,,,,-112,-16,0,0,40,,,,,,,,,,Hariharan
11:45,13.0131659,80.2355354,0.5370000004768372,0.013000000268220901,30,4G,Jio,Tuesday,17-09-2024,Weekday,Morning,35.8,scattered clouds,Free,PrintingDeptRoad,0,No movement,0.04,,,,,,,,,,,-116,-20,0,0,40,,,,,,,,,,Hariharan
11:45,13.0131659,80.2355354,0.5370000004768372,0.013000000268220901,30,4G,Jio,Tuesday,17-09-2024,Weekday,Morning,35.8,scattered clouds,Free,PrintingDeptRoad,0,No movement,0.04,,,,,,,,,,,-114,-19,0,0,40,,,,,,,,,,Hariharan
11:45,13.0131689,80.2355314,0.5370000004768372,0.013000000268220901,30,4G,Jio,Tuesday,17-09-2024,Weekday,Morning,35.8,scattered clouds,Free,PrintingDeptRoad,0,No movement,0.04,,,,,,,,,,,-114,-19,0,0,40,,,,,,,,,,Hariharan
11:45,13.0131689,80.2355314,0.5370000004768372,0.013000000268220901,30,4G,Jio,Tuesday,17-09-2024,Weekday,Morning,35.12,scattered clouds,Free,PrintingDeptRoad,0,No movement,0.04,,,,,,,,,,,-114,-19,0,0,40,,,,,,,,,,Hariharan
11:45,13.0131689,80.2355314,0.5370000004768372,0.013000000268220901,30,4G,Jio,Tuesday,17-09-2024,Weekday,Morning,35.8,scattered clouds,Free,PrintingDeptRoad,0,No movement,0.02,,,,,,,,,,,-114,-19,0,0,40,,,,,,,,,,Hariharan
11:45,13.0131689,80.2355314,0.5370000004768372,0.013000000268220901,30,4G,Jio,Tuesday,17-09-2024,Weekday,Morning,35.8,scattered clouds,Free,PrintingDeptRoad,0,No movement,0.02,,,,,,,,,,,-115,-18,0,0,40,,,,,,,,,,Hariharan
11:45,13.0134454,80.2361875,296.283,0.0,31,4G,Airtel,Tuesday,17-09-2024,Weekday,Morning,35.8,scattered clouds,Free,blue shed,0,No movement,0.10,null,0,-113,,,,,,,,-110,-20,0,2147483647,3,,-114,,,,,,,,Yazhiniyan 
11:45,13.013445,80.2361883,296.2829895019531,6.328000068664551,31,4G,Airtel,Tuesday,17-09-2024,Weekday,Morning,35.8,scattered clouds,Free,blue shed,0,No movement,0.00,null,0,-113,,,,,,,,-110,-20,0,2147483647,3,,-114,,,,,,,,Yazhiniyan 
11:45,13.013445,80.2361883,296.2829895019531,6.328000068664551,31,4G,Airtel,Tuesday,17-09-2024,Weekday,Morning,35.8,scattered clouds,Free,blue shed,0,No movement,0.00,null,0,-113,,,,,,,,-107,-19,0,2147483647,3,,-108,,,,,,,,Yazhiniyan 
11:45,13.0134849,80.2362113,296.2829895019531,6.328000068664551,31,4G,Airtel,Tuesday,17-09-2024,Weekday,Morning,35.8,scattered clouds,Free,blue shed,0,Slow Walking,0.40,null,0,-113,,,,,,,,-110,-18,0,2147483647,3,,-113,,,,,,,,Yazhiniyan 
11:45,13.0134973,80.2362346,296.2829895019531,6.328000068664551,31,4G,Airtel,Tuesday,17-09-2024,Weekday,Morning,35.8,scattered clouds,Free,blue shed,0,Slow Walking,0.40,null,0,-113,,,,,,,,-110,-18,0,2147483647,3,,-113,,,,,,,,Yazhiniyan 
11:46,13.0135036,80.2362374,296.2829895019531,6.328000068664551,31,4G,Airtel,Tuesday,17-09-2024,Weekday,Morning,35.8,scattered clouds,Free,blue shed,0,Slow Walking,0.30,null,0,-113,,,,,,,,-112,-20,0,2147483647,3,,-114,,,,,,,,Yazhiniyan 
11:46,13.0134966,80.2362361,296.2829895019531,6.328000068664551,31,4G,Airtel,Tuesday,17-09-2024,Weekday,Morning,35.8,scattered clouds,Free,blue shed,0,Slow Walking,0.30,null,0,-113,,,,,,,,-112,-20,0,2147483647,3,,-114,,,,,,,,Yazhiniyan 
11:46,13.0134838,80.2362479,296.2829895019531,6.328000068664551,31,4G,Airtel,Tuesday,17-09-2024,Weekday,Morning,35.8,scattered clouds,Free,blue shed,0,Slow Walking,0.66,null,0,-113,,,,,,,,-105,-18,0,2147483647,3,,-114,,,,,,,,Yazhiniyan 
11:46,13.0134737,80.2362503,296.2829895019531,6.328000068664551,31,4G,Airtel,Tuesday,17-09-2024,Weekday,Morning,35.8,scattered clouds,Free,blue shed,0,Slow Walking,0.66,null,0,-113,,,,,,,,-105,-18,0,2147483647,3,,-114,,,,,,,,Yazhiniyan 
11:46,13.0134664,80.2362606,296.2829895019531,6.328000068664551,31,4G,Airtel,Tuesday,17-09-2024,Weekday,Morning,35.8,scattered clouds,Free,blue shed,0,Slow Walking,0.56,null,0,-113,,,,,,,,-105,-18,0,2147483647,3,,-114,,,,,,,,Yazhiniyan 
11:46,13.0134466,80.2362308,296.2829895019531,6.328000068664551,31,4G,Airtel,Tuesday,17-09-2024,Weekday,Morning,35.8,scattered clouds,Free,blue shed,0,Walking,0.77,null,0,-113,,,,,,,,-107,-16,0,2147483647,3,,-44,,,,,,,,Yazhiniyan 
11:46,13.0134419,80.2362352,296.2829895019531,6.328000068664551,31,4G,Airtel,Tuesday,17-09-2024,Weekday,Morning,35.8,scattered clouds,Free,blue shed,0,Walking,0.77,null,0,-113,,,,,,,,-107,-16,0,2147483647,3,,-44,,,,,,,,Yazhiniyan 
11:46,13.0134397,80.2362243,296.2829895019531,6.328000068664551,31,4G,Airtel,Tuesday,17-09-2024,Weekday,Morning,35.8,scattered clouds,Free,blue shed,0,Walking,0.77,null,0,-113,,,,,,,,-107,-16,0,2147483647,3,,-44,,,,,,,,Yazhiniyan 
11:46,13.0134531,80.2361977,296.2829895019531,6.328000068664551,31,4G,Airtel,Tuesday,17-09-2024,Weekday,Morning,35.8,scattered clouds,Free,blue shed,0,Slow Walking,0.53,null,0,-113,,,,,,,,-106,-15,0,2147483647,3,,-110,,,,,,,,Yazhiniyan 
11:46,13.0134653,80.2361947,296.2829895019531,6.328000068664551,31,4G,Airtel,Tuesday,17-09-2024,Weekday,Morning,35.8,scattered clouds,Free,blue shed,0,Slow Walking,0.53,null,0,-113,,,,,,,,-106,-15,0,2147483647,3,,-110,,,,,,,,Yazhiniyan 
11:46,13.0134674,80.2361945,296.2829895019531,6.328000068664551,31,4G,Airtel,Tuesday,17-09-2024,Weekday,Morning,35.8,scattered clouds,Free,blue shed,0,Slow Walking,0.53,null,0,-113,,,,,,,,-106,-15,0,2147483647,3,,-110,,,,,,,,Yazhiniyan 
11:46,13.0134979,80.236215,296.2829895019531,6.328000068664551,31,4G,Airtel,Tuesday,17-09-2024,Weekday,Morning,35.8,scattered clouds,Free,blue shed,0,Slow Walking,0.62,null,0,-113,,,,,,,,-109,-20,0,2147483647,3,,-118,,,,,,,,Yazhiniyan 
11:46,13.0134986,80.2362191,296.2829895019531,6.328000068664551,31,4G,Airtel,Tuesday,17-09-2024,Weekday,Morning,35.8,scattered clouds,Free,blue shed,0,Slow Walking,0.62,null,0,-113,,,,,,,,-109,-20,0,2147483647,3,,-118,,,,,,,,Yazhiniyan 
11:46,13.0134957,80.2362263,296.2829895019531,6.328000068664551,31,4G,Airtel,Tuesday,17-09-2024,Weekday,Morning,35.8,scattered clouds,Free,blue shed,0,Slow Walking,0.62,null,0,-113,,,,,,,,-109,-20,0,2147483647,3,,-118,,,,,,,,Yazhiniyan 
11:46,13.0134525,80.2362818,296.2829895019531,6.328000068664551,31,4G,Airtel,Tuesday,17-09-2024,Weekday,Morning,35.8,scattered clouds,Free,blue shed,0,Slow Walking,0.63,null,0,-113,,,,,,,,-107,-19,0,2147483647,3,,-120,,,,,,,,Yazhiniyan 
11:46,13.0134424,80.2362846,296.2829895019531,6.328000068664551,31,4G,Airtel,Tuesday,17-09-2024,Weekday,Morning,35.8,scattered clouds,Free,blue shed,0,Slow Walking,0.63,null,0,-113,,,,,,,,-107,-19,0,2147483647,3,,-120,,,,,,,,Yazhiniyan 
11:46,13.0134376,80.2362742,296.2829895019531,6.328000068664551,31,4G,Airtel,Tuesday,17-09-2024,Weekday,Morning,35.8,scattered clouds,Free,blue shed,0,Slow Walking,0.66,null,0,-113,,,,,,,,-110,-20,0,2147483647,3,,-120,,,,,,,,Yazhiniyan 
11:46,13.0131525,80.2354854,0.14499999582767487,0.006000000052154064,34,4G,Jio,Tuesday,17-09-2024,Weekday,Morning,35.12,scattered clouds,Free,PrintingDeptRoad,0,Slow Walking,0.54,,,,,,,,,,,-115,-20,0,0,40,,,,,,,,,,Hariharan
11:46,13.0131373,80.2354705,0.14499999582767487,0.006000000052154064,34,4G,Jio,Tuesday,17-09-2024,Weekday,Morning,35.12,scattered clouds,Free,PrintingDeptRoad,0,Walking,0.76,,,,,,,,,,,-115,-20,0,0,40,,,,,,,,,,Hariharan
11:46,13.0131373,80.2354705,0.14499999582767487,0.006000000052154064,34,4G,Jio,Tuesday,17-09-2024,Weekday,Morning,35.12,scattered clouds,Free,PrintingDeptRoad,0,Walking,0.76,,,,,,,,,,,-114,-20,0,0,40,,,,,,,,,,Hariharan
11:46,13.013121,80.2354637,0.14499999582767487,0.006000000052154064,34,4G,Jio,Tuesday,17-09-2024,Weekday,Morning,35.12,scattered clouds,Free,PrintingDeptRoad,0,Walking,0.76,,,,,,,,,,,-114,-20,0,0,40,,,,,,,,,,Hariharan
11:46,13.0131241,80.2354536,0.14499999582767487,0.006000000052154064,34,4G,Jio,Tuesday,17-09-2024,Weekday,Morning,35.12,scattered clouds,Free,PrintingDeptRoad,0,Slow Walking,0.60,,,,,,,,,,,-114,-20,0,0,40,,,,,,,,,,Hariharan
11:46,13.0131344,80.2354553,0.14499999582767487,0.006000000052154064,34,4G,Jio,Tuesday,17-09-2024,Weekday,Morning,35.12,scattered clouds,Free,PrintingDeptRoad,0,Slow Walking,0.60,,,,,,,,,,,-114,-20,0,0,40,,,,,,,,,,Hariharan
11:46,13.0131467,80.2354502,0.14499999582767487,0.006000000052154064,34,4G,Jio,Tuesday,17-09-2024,Weekday,Morning,35.12,scattered clouds,Free,PrintingDeptRoad,0,Slow Walking,0.69,,,,,,,,,,,-114,-20,0,0,40,,,,,,,,,,Hariharan
11:47,13.0131113,80.2354344,0.14499999582767487,0.006000000052154064,34,4G,Jio,Tuesday,17-09-2024,Weekday,Morning,35.12,scattered clouds,Free,PrintingDeptRoad,0,Walking,0.76,,,,,,,,,,,-112,-19,0,0,40,,,,,,,,,,Hariharan
11:47,13.013125,80.23545,0.14499999582767487,0.006000000052154064,34,4G,Jio,Tuesday,17-09-2024,Weekday,Morning,35.12,scattered clouds,Free,PrintingDeptRoad,0,Walking,0.76,,,,,,,,,,,-112,-19,0,0,40,,,,,,,,,,Hariharan
11:47,13.013146,80.2354401,0.14499999582767487,0.006000000052154064,34,4G,Jio,Tuesday,17-09-2024,Weekday,Morning,35.12,scattered clouds,Free,PrintingDeptRoad,0,Slow Walking,0.69,,,,,,,,,,,-112,-18,0,0,40,,,,,,,,,,Hariharan
11:47,13.0131463,80.235444,0.14499999582767487,0.006000000052154064,34,4G,Jio,Tuesday,17-09-2024,Weekday,Morning,35.12,scattered clouds,Free,PrintingDeptRoad,0,Slow Walking,0.53,,,,,,,,,,,-112,-18,0,0,40,,,,,,,,,,Hariharan
11:47,13.0131502,80.235438,0.14499999582767487,0.006000000052154064,34,4G,Jio,Tuesday,17-09-2024,Weekday,Morning,35.12,scattered clouds,Free,PrintingDeptRoad,0,Slow Walking,0.53,,,,,,,,,,,-112,-18,0,0,40,,,,,,,,,,Hariharan
11:47,13.0131389,80.2354275,0.14499999582767487,0.006000000052154064,34,4G,Jio,Tuesday,17-09-2024,Weekday,Morning,35.12,scattered clouds,Free,PrintingDeptRoad,0,Slow Walking,0.53,,,,,,,,,,,-111,-18,0,0,40,,,,,,,,,,Hariharan
11:47,13.0131385,80.2354249,0.14499999582767487,0.006000000052154064,34,4G,Jio,Tuesday,17-09-2024,Weekday,Morning,35.12,scattered clouds,Free,PrintingDeptRoad,0,No movement,0.04,,,,,,,,,,,-112,-18,0,0,40,,,,,,,,,,Hariharan
11:47,13.0131385,80.2354249,0.14499999582767487,0.006000000052154064,34,4G,Jio,Tuesday,17-09-2024,Weekday,Morning,35.12,scattered clouds,Free,PrintingDeptRoad,0,No movement,0.04,,,,,,,,,,,-111,-18,0,0,40,,,,,,,,,,Hariharan
11:47,13.0131366,80.2354263,0.14499999582767487,0.006000000052154064,34,4G,Jio,Tuesday,17-09-2024,Weekday,Morning,35.12,scattered clouds,Free,PrintingDeptRoad,0,No movement,0.02,,,,,,,,,,,-111,-18,0,0,40,,,,,,,,,,Hariharan
11:47,13.0131366,80.2354263,0.14499999582767487,0.006000000052154064,34,4G,Jio,Tuesday,17-09-2024,Weekday,Morning,35.12,scattered clouds,Free,PrintingDeptRoad,0,No movement,0.02,,,,,,,,,,,-112,-18,0,0,40,,,,,,,,,,Hariharan
11:47,13.0131366,80.2354263,0.14499999582767487,0.006000000052154064,34,4G,Jio,Tuesday,17-09-2024,Weekday,Morning,35.12,scattered clouds,Free,PrintingDeptRoad,0,No movement,0.05,,,,,,,,,,,-112,-18,0,0,40,,,,,,,,,,Hariharan
11:47,13.0131358,80.2354232,0.14499999582767487,0.006000000052154064,34,4G,Jio,Tuesday,17-09-2024,Weekday,Morning,35.12,scattered clouds,Free,PrintingDeptRoad,0,No movement,0.05,,,,,,,,,,,-112,-19,0,0,40,,,,,,,,,,Hariharan
11:47,13.0131358,80.2354232,0.14499999582767487,0.006000000052154064,34,4G,Jio,Tuesday,17-09-2024,Weekday,Morning,35.12,scattered clouds,Free,PrintingDeptRoad,0,No movement,0.06,,,,,,,,,,,-112,-19,0,0,40,,,,,,,,,,Hariharan
11:47,13.0131357,80.2354212,0.0,0.0,0,4G,Jio,Tuesday,17-09-2024,Weekday,Morning,35.12,scattered clouds,Free,PrintingDeptRoad,0,No movement,0.06,,,,,,,,,,,-112,-19,0,0,40,,,,,,,,,,Hariharan
11:47,13.0131357,80.2354212,0.0,0.0,29,4G,Jio,Tuesday,17-09-2024,Weekday,Morning,35.12,scattered clouds,Free,PrintingDeptRoad,0,No movement,0.00,,,,,,,,,,,-113,-19,0,0,40,,,,,,,,,,Hariharan
11:47,13.0131353,80.2354214,0.0,0.0,29,4G,Jio,Tuesday,17-09-2024,Weekday,Morning,35.12,scattered clouds,Free,PrintingDeptRoad,0,No movement,0.00,,,,,,,,,,,-113,-19,0,0,40,,,,,,,,,,Hariharan
11:47,13.0131353,80.2354214,0.0,0.0,29,4G,Jio,Tuesday,17-09-2024,Weekday,Morning,35.12,scattered clouds,Free,PrintingDeptRoad,0,No movement,0.00,,,,,,,,,,,-117,-19,0,0,40,,,,,,,,,,Hariharan
11:47,13.0131353,80.2354214,0.0,0.0,29,4G,Jio,Tuesday,17-09-2024,Weekday,Morning,35.12,scattered clouds,Free,PrintingDeptRoad,0,No movement,0.00,,,,,,,,,,,-114,-17,0,0,40,,,,,,,,,,Hariharan
11:47,13.0131419,80.2354185,0.089,0.0,29,4G,Jio,Tuesday,17-09-2024,Weekday,Morning,35.12,scattered clouds,Free,PrintingDeptRoad,0,No movement,0.19,,,,,,,,,,,-114,-17,0,0,40,,,,,,,,,,Hariharan
11:47,13.0131449,80.2354191,0.089,0.0,29,4G,Jio,Tuesday,17-09-2024,Weekday,Morning,35.12,scattered clouds,Free,PrintingDeptRoad,0,No movement,0.19,,,,,,,,,,,-114,-17,0,0,40,,,,,,,,,,Hariharan
11:47,13.0131449,80.2354191,0.089,0.0,29,4G,Jio,Tuesday,17-09-2024,Weekday,Morning,35.12,scattered clouds,Free,PrintingDeptRoad,0,Slow Walking,0.21,,,,,,,,,,,-114,-17,0,0,40,,,,,,,,,,Hariharan
11:48,13.0131488,80.235414,0.089,0.0,29,4G,Jio,Tuesday,17-09-2024,Weekday,Morning,35.12,scattered clouds,Free,PrintingDeptRoad,0,No movement,0.12,,,,,,,,,,,-113,-18,0,0,40,,,,,,,,,,Hariharan
11:48,13.0131462,80.2354187,0.089,0.0,29,4G,Jio,Tuesday,17-09-2024,Weekday,Morning,35.12,scattered clouds,Free,PrintingDeptRoad,0,No movement,0.12,,,,,,,,,,,-112,-18,0,0,40,,,,,,,,,,Hariharan
11:48,13.0131424,80.2354185,0.089,0.0,29,4G,Jio,Tuesday,17-09-2024,Weekday,Morning,35.12,scattered clouds,Free,PrintingDeptRoad,0,Slow Walking,0.29,,,,,,,,,,,-112,-18,0,0,40,,,,,,,,,,Hariharan
11:48,13.013133,80.2354108,0.08900000154972076,0.01899999938905239,29,4G,Jio,Tuesday,17-09-2024,Weekday,Morning,35.12,scattered clouds,Free,PrintingDeptRoad,0,Slow Walking,0.29,,,,,,,,,,,-112,-18,0,0,40,,,,,,,,,,Hariharan
11:48,13.013132,80.2354061,0.08900000154972076,0.01899999938905239,29,4G,Jio,Tuesday,17-09-2024,Weekday,Morning,35.12,scattered clouds,Free,PrintingDeptRoad,0,Slow Walking,0.29,,,,,,,,,,,-112,-17,0,0,40,,,,,,,,,,Hariharan
11:48,13.0131341,80.2354077,0.08900000154972076,0.01899999938905239,29,4G,Jio,Tuesday,17-09-2024,Weekday,Morning,35.12,scattered clouds,Free,PrintingDeptRoad,0,Slow Walking,0.45,,,,,,,,,,,-110,-13,2147483647,6,40,,,,,,,,,,Hariharan
11:48,13.0131341,80.2354077,0.08900000154972076,0.01899999938905239,29,4G,Jio,Tuesday,17-09-2024,Weekday,Morning,35.12,scattered clouds,Free,PrintingDeptRoad,0,Slow Walking,0.45,,,,,,,,,,,-117,-19,0,0,40,,,,,,,,,,Hariharan
11:48,13.0131355,80.23541,0.08900000154972076,0.01899999938905239,29,4G,Jio,Tuesday,17-09-2024,Weekday,Morning,35.12,scattered clouds,Free,PrintingDeptRoad,0,Slow Walking,0.45,,,,,,,,,,,-117,-19,0,0,40,,,,,,,,,,Hariharan
11:48,13.0131334,80.2354096,0.08900000154972076,0.01899999938905239,29,4G,Jio,Tuesday,17-09-2024,Weekday,Morning,35.12,scattered clouds,Free,PrintingDeptRoad,0,No movement,0.11,,,,,,,,,,,-116,-17,0,0,40,,,,,,,,,,Hariharan
11:48,13.013135,80.2354104,0.08900000154972076,0.01899999938905239,29,4G,Jio,Tuesday,17-09-2024,Weekday,Morning,35.12,scattered clouds,Free,PrintingDeptRoad,0,No movement,0.11,,,,,,,,,,,-116,-17,0,0,40,,,,,,,,,,Hariharan
11:48,13.013141,80.2354097,0.08900000154972076,0.01899999938905239,29,4G,Jio,Tuesday,17-09-2024,Weekday,Morning,35.12,scattered clouds,Free,PrintingDeptRoad,0,No movement,0.11,,,,,,,,,,,-115,-17,0,0,40,,,,,,,,,,Hariharan
11:48,13.0131397,80.2354072,0.08900000154972076,0.01899999938905239,29,4G,Jio,Tuesday,17-09-2024,Weekday,Morning,35.12,scattered clouds,Free,PrintingDeptRoad,0,No movement,0.11,,,,,,,,,,,-115,-17,0,0,40,,,,,,,,,,Hariharan
11:48,13.0131397,80.2354072,0.08900000154972076,0.01899999938905239,29,4G,Jio,Tuesday,17-09-2024,Weekday,Morning,35.12,scattered clouds,Free,PrintingDeptRoad,0,Slow Walking,0.25,,,,,,,,,,,-114,-18,0,0,40,,,,,,,,,,Hariharan
11:48,13.0131277,80.2354087,0.08900000154972076,0.01899999938905239,29,4G,Jio,Tuesday,17-09-2024,Weekday,Morning,35.12,scattered clouds,Free,PrintingDeptRoad,0,Slow Walking,0.25,,,,,,,,,,,-113,-19,0,0,40,,,,,,,,,,Hariharan
11:48,13.0131277,80.2354087,0.08900000154972076,0.01899999938905239,29,4G,Jio,Tuesday,17-09-2024,Weekday,Morning,35.12,scattered clouds,Free,PrintingDeptRoad,0,Walking,0.77,,,,,,,,,,,-113,-19,0,0,40,,,,,,,,,,Hariharan
11:48,13.0131296,80.2353914,0.08900000154972076,0.01899999938905239,29,4G,Jio,Tuesday,17-09-2024,Weekday,Morning,35.12,scattered clouds,Free,PrintingDeptRoad,0,Walking,0.77,,,,,,,,,,,-114,-19,0,0,40,,,,,,,,,,Hariharan
11:48,13.013147,80.2353959,0.08900000154972076,0.01899999938905239,29,4G,Jio,Tuesday,17-09-2024,Weekday,Morning,35.12,scattered clouds,Free,PrintingDeptRoad,0,Walking,0.92,,,,,,,,,,,-114,-18,0,0,40,,,,,,,,,,Hariharan
11:48,13.0131605,80.2353961,0.08900000154972076,0.01899999938905239,29,4G,Jio,Tuesday,17-09-2024,Weekday,Morning,35.12,scattered clouds,Free,PrintingDeptRoad,0,Walking,0.92,,,,,,,,,,,-114,-18,0,0,40,,,,,,,,,,Hariharan
11:48,13.0131683,80.2353878,0.08900000154972076,0.01899999938905239,29,4G,Jio,Tuesday,17-09-2024,Weekday,Morning,35.12,scattered clouds,Free,PrintingDeptRoad,0,Slow Walking,0.62,,,,,,,,,,,-114,-18,0,0,40,,,,,,,,,,Hariharan
11:48,13.0131467,80.235377,0.08900000154972076,0.01899999938905239,29,4G,Jio,Tuesday,17-09-2024,Weekday,Morning,35.12,scattered clouds,Free,PrintingDeptRoad,0,Slow Walking,0.62,,,,,,,,,,,-107,-11,2147483647,6,40,,,,,,,,,,Hariharan
11:48,13.0131467,80.235377,0.08900000154972076,0.01899999938905239,29,4G,Jio,Tuesday,17-09-2024,Weekday,Morning,35.12,scattered clouds,Free,PrintingDeptRoad,0,Slow Walking,0.45,,,,,,,,,,,-107,-11,2147483647,6,40,,,,,,,,,,Hariharan
11:48,13.0134477,80.2355424,202.48599243164062,1.7799999713897705,25,4G,Airtel,Tuesday,17-09-2024,Weekday,Morning,35.8,scattered clouds,Free,Knowledge Park,0,Slow Walking,0.22,,,,,,,,,,,-109,-18,0,2147483647,3,,-114,,,,,,,,Yuvaraj 
11:48,13.013448,80.2355424,202.48599243164062,1.7799999713897705,25,4G,Airtel,Tuesday,17-09-2024,Weekday,Morning,35.8,scattered clouds,Free,Knowledge Park,0,Slow Walking,0.22,,,,,,,,,,,-113,-20,0,2147483647,3,,-114,,,,,,,,Yuvaraj 
11:48,13.0134499,80.2355355,202.48599243164062,1.7799999713897705,25,4G,Airtel,Tuesday,17-09-2024,Weekday,Morning,35.8,scattered clouds,Free,Knowledge Park,0,No movement,0.11,,,,,,,,,,,-111,-20,0,2147483647,3,,-111,,,,,,,,Yuvaraj 
11:48,13.0134436,80.2355255,202.48599243164062,1.7799999713897705,25,4G,Airtel,Tuesday,17-09-2024,Weekday,Morning,35.8,scattered clouds,Free,Knowledge Park,0,Slow Walking,0.55,,,,,,,,,,,-110,-20,0,2147483647,3,,-109,,,,,,,,Yuvaraj 
11:48,13.0134525,80.2355383,202.48599243164062,1.7799999713897705,25,4G,Airtel,Tuesday,17-09-2024,Weekday,Morning,35.8,scattered clouds,Free,Knowledge Park,0,Slow Walking,0.26,,,,,,,,,,,-112,-20,0,2147483647,3,,-44,,,,,,,,Yuvaraj 
11:48,13.0134562,80.2355429,202.48599243164062,1.7799999713897705,25,4G,Airtel,Tuesday,17-09-2024,Weekday,Morning,35.8,scattered clouds,Free,Knowledge Park,0,Slow Walking,0.26,,,,,,,,,,,-102,-11,0,2147483647,3,,-44,,,,,,,,Yuvaraj 
11:48,13.0134627,80.2355448,202.48599243164062,1.7799999713897705,25,4G,Airtel,Tuesday,17-09-2024,Weekday,Morning,35.8,scattered clouds,Free,Knowledge Park,0,Slow Walking,0.63,,,,,,,,,,,-102,-11,0,2147483647,3,,-44,,,,,,,,Yuvaraj 
11:48,13.0134622,80.2355582,202.48599243164062,1.7799999713897705,25,4G,Airtel,Tuesday,17-09-2024,Weekday,Morning,35.8,scattered clouds,Free,Knowledge Park,0,Slow Walking,0.63,,,,,,,,,,,-111,-20,0,2147483647,3,,-112,,,,,,,,Yuvaraj 
11:47,13.0134265,80.2361725,15.188,0.0,11,4G,Airtel,Tuesday,17-09-2024,Weekday,Morning,35.8,scattered clouds,Free,blue shed,0,No movement,0.14,null,0,-113,,,,,,,,-107,-18,0,2147483647,3,,-120,,,,,,,,Yazhiniyan 
11:48,13.0134662,80.2361489,331.15399169921875,7.418000221252441,14,4G,Airtel,Tuesday,17-09-2024,Weekday,Morning,35.8,scattered clouds,Free,blue shed,0,Slow Walking,0.43,null,0,-113,,,,,,,,-107,-16,0,2147483647,3,,-120,,,,,,,,Yazhiniyan 
11:48,13.0134671,80.2361359,331.15399169921875,7.418000221252441,14,4G,Airtel,Tuesday,17-09-2024,Weekday,Morning,35.8,scattered clouds,Free,blue shed,0,Slow Walking,0.43,null,0,-113,,,,,,,,-109,-17,0,2147483647,3,,-93,,,,,,,,Yazhiniyan 
11:48,13.0134671,80.2361359,331.15399169921875,7.418000221252441,14,4G,Airtel,Tuesday,17-09-2024,Weekday,Morning,35.8,scattered clouds,Free,blue shed,0,Slow Walking,0.54,null,0,-113,,,,,,,,-109,-17,0,2147483647,3,,-93,,,,,,,,Yazhiniyan 
11:48,13.0134636,80.2361151,331.15399169921875,7.418000221252441,14,4G,Airtel,Tuesday,17-09-2024,Weekday,Morning,35.8,scattered clouds,Free,blue shed,0,Slow Walking,0.54,null,0,-113,,,,,,,,-106,-16,0,2147483647,3,,-93,,,,,,,,Yazhiniyan 
11:48,13.013448,80.2360912,331.15399169921875,7.418000221252441,14,4G,Airtel,Tuesday,17-09-2024,Weekday,Morning,35.8,scattered clouds,Free,blue shed,0,Slow Walking,0.59,null,0,-113,,,,,,,,-105,-14,0,2147483647,3,,-111,,,,,,,,Yazhiniyan 
11:48,13.0134471,80.2360896,331.15399169921875,7.418000221252441,14,4G,Airtel,Tuesday,17-09-2024,Weekday,Morning,35.8,scattered clouds,Free,blue shed,0,Slow Walking,0.59,null,0,-113,,,,,,,,-105,-14,0,2147483647,3,,-111,,,,,,,,Yazhiniyan 
11:48,13.0134437,80.2360754,331.15399169921875,7.418000221252441,14,4G,Airtel,Tuesday,17-09-2024,Weekday,Morning,35.8,scattered clouds,Free,blue shed,0,Slow Walking,0.59,null,0,-113,,,,,,,,-103,-14,0,2147483647,3,,-111,,,,,,,,Yazhiniyan 
11:48,13.0134428,80.2360683,331.15399169921875,7.418000221252441,14,4G,Airtel,Tuesday,17-09-2024,Weekday,Morning,35.8,scattered clouds,Free,blue shed,0,Slow Walking,0.59,null,0,-113,,,,,,,,-103,-14,0,2147483647,3,,-111,,,,,,,,Yazhiniyan 
11:48,13.0134396,80.236046,331.15399169921875,7.418000221252441,14,4G,Airtel,Tuesday,17-09-2024,Weekday,Morning,35.8,scattered clouds,Free,blue shed,0,Walking,0.94,null,0,-113,,,,,,,,-103,-14,0,2147483647,3,,-111,,,,,,,,Yazhiniyan 
11:48,13.0134403,80.2360481,331.15399169921875,7.418000221252441,14,4G,Airtel,Tuesday,17-09-2024,Weekday,Morning,35.8,scattered clouds,Free,blue shed,0,Walking,0.94,null,0,-113,,,,,,,,-101,-13,0,2147483647,3,,-111,,,,,,,,Yazhiniyan 
11:48,13.0134397,80.2360451,331.15399169921875,7.418000221252441,14,4G,Airtel,Tuesday,17-09-2024,Weekday,Morning,35.8,scattered clouds,Free,blue shed,0,Walking,0.94,null,0,-113,,,,,,,,-101,-13,0,2147483647,3,,-111,,,,,,,,Yazhiniyan 
11:48,13.0134397,80.2360451,331.15399169921875,7.418000221252441,14,4G,Airtel,Tuesday,17-09-2024,Weekday,Morning,35.8,scattered clouds,Free,blue shed,0,Walking,0.94,null,0,-113,,,,,,,,-106,-17,0,2147483647,3,,-111,,,,,,,,Yazhiniyan 
11:48,13.0134376,80.2360343,331.15399169921875,7.418000221252441,14,4G,Airtel,Tuesday,17-09-2024,Weekday,Morning,35.8,scattered clouds,Free,blue shed,0,Walking,0.94,null,0,-113,,,,,,,,-106,-17,0,2147483647,3,,-111,,,,,,,,Yazhiniyan 
11:48,13.013442,80.2359984,331.15399169921875,7.418000221252441,14,4G,Airtel,Tuesday,17-09-2024,Weekday,Morning,35.8,scattered clouds,Free,blue shed,0,Walking,0.97,null,0,-113,,,,,,,,-105,-16,0,2147483647,3,,-115,,,,,,,,Yazhiniyan 
11:48,13.0134422,80.2359757,331.15399169921875,7.418000221252441,14,4G,Airtel,Tuesday,17-09-2024,Weekday,Morning,35.8,scattered clouds,Free,blue shed,0,Walking,1.12,null,0,-113,,,,,,,,-108,-17,0,2147483647,3,,-115,,,,,,,,Yazhiniyan 
11:48,13.0134411,80.2359688,331.15399169921875,7.418000221252441,14,4G,Airtel,Tuesday,17-09-2024,Weekday,Morning,35.8,scattered clouds,Free,blue shed,0,Walking,1.12,null,0,-113,,,,,,,,-108,-17,0,2147483647,3,,-115,,,,,,,,Yazhiniyan 
11:48,13.0134411,80.2359688,331.15399169921875,7.418000221252441,14,4G,Airtel,Tuesday,17-09-2024,Weekday,Morning,35.8,scattered clouds,Free,blue shed,0,Walking,1.12,null,0,-113,,,,,,,,-105,-15,0,2147483647,3,,-115,,,,,,,,Yazhiniyan 
11:49,13.0134296,80.2359651,331.15399169921875,7.418000221252441,14,4G,Airtel,Tuesday,17-09-2024,Weekday,Morning,35.8,scattered clouds,Free,blue shed,0,Walking,1.12,null,0,-113,,,,,,,,-105,-15,0,2147483647,3,,-115,,,,,,,,Yazhiniyan 
11:49,13.01342,80.2359696,331.15399169921875,7.418000221252441,14,4G,Airtel,Tuesday,17-09-2024,Weekday,Morning,35.8,scattered clouds,Free,blue shed,0,Walking,1.15,null,0,-113,,,,,,,,-109,-19,0,2147483647,3,,-115,,,,,,,,Yazhiniyan 
11:49,13.0134023,80.2359755,331.15399169921875,7.418000221252441,14,4G,Airtel,Tuesday,17-09-2024,Weekday,Morning,35.8,scattered clouds,Free,blue shed,0,Walking,1.15,null,0,-113,,,,,,,,-109,-19,0,2147483647,3,,-115,,,,,,,,Yazhiniyan 
11:49,13.013374,80.2359852,331.15399169921875,7.418000221252441,14,4G,Airtel,Tuesday,17-09-2024,Weekday,Morning,35.8,scattered clouds,Free,blue shed,0,Walking,0.74,null,0,-113,,,,,,,,-111,-20,0,2147483647,3,,-112,,,,,,,,Yazhiniyan 
11:49,13.0133729,80.235993,331.15399169921875,7.418000221252441,14,4G,Airtel,Tuesday,17-09-2024,Weekday,Morning,35.8,scattered clouds,Free,blue shed,0,Walking,0.74,null,0,-113,,,,,,,,-108,-18,0,2147483647,3,,-112,,,,,,,,Yazhiniyan 
11:49,13.0133898,80.236022,331.15399169921875,7.418000221252441,14,4G,Airtel,Tuesday,17-09-2024,Weekday,Morning,35.8,scattered clouds,Free,blue shed,0,Slow Walking,0.60,null,0,-113,,,,,,,,-109,-16,0,2147483647,3,,-114,,,,,,,,Yazhiniyan 
11:49,13.0134073,80.2360479,331.15399169921875,7.418000221252441,14,4G,Airtel,Tuesday,17-09-2024,Weekday,Morning,35.8,scattered clouds,Free,blue shed,0,Slow Walking,0.44,null,0,-113,,,,,,,,-109,-20,0,2147483647,3,,-113,,,,,,,,Yazhiniyan 
11:49,13.0134085,80.2360561,331.15399169921875,7.418000221252441,14,4G,Airtel,Tuesday,17-09-2024,Weekday,Morning,35.8,scattered clouds,Free,blue shed,0,Slow Walking,0.44,null,0,-113,,,,,,,,-106,-19,0,2147483647,3,,-113,,,,,,,,Yazhiniyan 
11:49,13.0134138,80.2360679,331.15399169921875,7.418000221252441,14,4G,Airtel,Tuesday,17-09-2024,Weekday,Morning,35.8,scattered clouds,Free,blue shed,0,Slow Walking,0.30,null,0,-113,,,,,,,,-108,-19,0,2147483647,3,,-113,,,,,,,,Yazhiniyan 
11:49,13.0133966,80.2353968,261.0169982910156,0.5680000185966492,11,4G,Airtel,Tuesday,17-09-2024,Weekday,Morning,35.8,scattered clouds,Free,Knowledge Park,0,Slow Walking,0.40,,,,,,,,,,,-115,-20,0,2147483647,3,,-117,,,,,,,,Yuvaraj 
11:49,13.013382,80.235439,261.0169982910156,0.5680000185966492,11,4G,Airtel,Tuesday,17-09-2024,Weekday,Morning,35.8,scattered clouds,Free,Knowledge Park,0,Slow Walking,0.70,,,,,,,,,,,-111,-18,0,2147483647,3,,-115,,,,,,,,Yuvaraj 
11:49,13.0133764,80.2354499,261.0169982910156,0.5680000185966492,11,4G,Airtel,Tuesday,17-09-2024,Weekday,Morning,35.8,scattered clouds,Free,Knowledge Park,0,Walking,0.74,,,,,,,,,,,-111,-19,0,2147483647,3,,-115,,,,,,,,Yuvaraj 
11:49,13.0133757,80.2354604,261.0169982910156,0.5680000185966492,11,4G,Airtel,Tuesday,17-09-2024,Weekday,Morning,35.8,scattered clouds,Free,Knowledge Park,0,Walking,0.74,,,,,,,,,,,-112,-18,0,2147483647,3,,-115,,,,,,,,Yuvaraj 
11:49,13.0133828,80.2354694,261.0169982910156,0.5680000185966492,11,4G,Airtel,Tuesday,17-09-2024,Weekday,Morning,35.8,scattered clouds,Free,Knowledge Park,0,Slow Walking,0.44,,,,,,,,,,,-103,-11,0,2147483647,3,,-115,,,,,,,,Yuvaraj 
11:49,13.013404,80.2354676,261.0169982910156,0.5680000185966492,11,4G,Airtel,Tuesday,17-09-2024,Weekday,Morning,35.8,scattered clouds,Free,Knowledge Park,0,Slow Walking,0.44,,,,,,,,,,,-103,-11,0,2147483647,3,,-115,,,,,,,,Yuvaraj 
11:49,13.013411,80.2354845,261.0169982910156,0.5680000185966492,11,4G,Airtel,Tuesday,17-09-2024,Weekday,Morning,35.8,scattered clouds,Free,Knowledge Park,0,Slow Walking,0.44,,,,,,,,,,,-112,-19,0,2147483647,3,,-115,,,,,,,,Yuvaraj 
11:49,13.0134191,80.2355278,261.0169982910156,0.5680000185966492,11,4G,Airtel,Tuesday,17-09-2024,Weekday,Morning,35.8,scattered clouds,Free,Knowledge Park,0,Walking,0.73,,,,,,,,,,,-111,-19,0,2147483647,3,,-113,,,,,,,,Yuvaraj 
11:49,13.0134156,80.2355415,261.0169982910156,0.5680000185966492,11,4G,Airtel,Tuesday,17-09-2024,Weekday,Morning,35.8,scattered clouds,Free,Knowledge Park,0,Walking,0.89,,,,,,,,,,,-110,-19,0,2147483647,3,,-113,,,,,,,,Yuvaraj 
11:49,13.0134167,80.2360351,0.0,0.0,10,4G,Airtel,Tuesday,17-09-2024,Weekday,Morning,35.8,scattered clouds,Free,blue shed,0,Slow Walking,0.53,null,0,-113,,,,,,,,-105,-14,0,2147483647,3,,-117,,,,,,,,Yazhiniyan 
11:49,13.0134146,80.2359992,0.0,0.0,10,4G,Airtel,Tuesday,17-09-2024,Weekday,Morning,35.8,scattered clouds,Free,blue shed,0,Slow Walking,0.50,null,0,-113,,,,,,,,-106,-18,0,2147483647,3,,-117,,,,,,,,Yazhiniyan 
11:49,13.0134146,80.2359992,0.0,0.0,10,4G,Airtel,Tuesday,17-09-2024,Weekday,Morning,35.8,scattered clouds,Free,blue shed,0,Slow Walking,0.50,null,0,-113,,,,,,,,-106,-15,0,2147483647,3,,-117,,,,,,,,Yazhiniyan 
11:49,13.0134185,80.2359906,97.943,0.0,10,4G,Airtel,Tuesday,17-09-2024,Weekday,Morning,35.8,scattered clouds,Free,blue shed,0,Slow Walking,0.20,null,0,-113,,,,,,,,-106,-15,0,2147483647,3,,-117,,,,,,,,Yazhiniyan 
11:49,13.0134171,80.2359884,97.943,0.0,10,4G,Airtel,Tuesday,17-09-2024,Weekday,Morning,35.8,scattered clouds,Free,blue shed,0,No movement,0.09,null,0,-113,,,,,,,,-98,-11,0,2147483647,3,,-117,,,,,,,,Yazhiniyan 
11:49,13.0134171,80.2359884,97.943,0.0,10,4G,Airtel,Tuesday,17-09-2024,Weekday,Morning,35.8,scattered clouds,Free,blue shed,0,No movement,0.09,null,0,-113,,,,,,,,-106,-18,0,2147483647,3,,-117,,,,,,,,Yazhiniyan 
11:49,13.0134149,80.2359862,97.943,0.0,10,4G,Airtel,Tuesday,17-09-2024,Weekday,Morning,35.8,scattered clouds,Free,blue shed,0,No movement,0.11,null,0,-113,,,,,,,,-106,-19,0,2147483647,3,,-117,,,,,,,,Yazhiniyan 
11:50,13.0134041,80.2359699,97.94300079345703,1.253999948501587,10,4G,Airtel,Tuesday,17-09-2024,Weekday,Morning,35.8,scattered clouds,Free,blue shed,0,No movement,0.02,null,0,-113,,,,,,,,-108,-17,0,2147483647,3,,-120,,,,,,,,Yazhiniyan 
11:50,13.0134033,80.23597,97.94300079345703,1.253999948501587,10,4G,Airtel,Tuesday,17-09-2024,Weekday,Morning,35.8,scattered clouds,Free,blue shed,0,No movement,0.00,null,0,-113,,,,,,,,-108,-17,0,2147483647,3,,-120,,,,,,,,Yazhiniyan 
11:50,13.0134033,80.23597,97.94300079345703,1.253999948501587,10,4G,Airtel,Tuesday,17-09-2024,Weekday,Morning,35.8,scattered clouds,Free,blue shed,0,No movement,0.00,null,0,-113,,,,,,,,-107,-15,0,2147483647,3,,-120,,,,,,,,Yazhiniyan 
11:50,13.0134033,80.23597,97.94300079345703,1.253999948501587,10,4G,Airtel,Tuesday,17-09-2024,Weekday,Morning,35.8,scattered clouds,Free,blue shed,0,No movement,0.00,null,0,-113,,,,,,,,-121,-20,0,2147483647,3,,-116,,,,,,,,Yazhiniyan 
11:50,13.0134033,80.23597,97.94300079345703,1.253999948501587,10,4G,Airtel,Tuesday,17-09-2024,Weekday,Morning,35.8,scattered clouds,Free,blue shed,0,No movement,0.00,null,0,-113,,,,,,,,-119,-15,0,2147483647,3,,-116,,,,,,,,Yazhiniyan 
11:50,13.0134033,80.23597,97.94300079345703,1.253999948501587,10,4G,Airtel,Tuesday,17-09-2024,Weekday,Morning,35.8,scattered clouds,Free,blue shed,0,No movement,0.00,null,0,-113,,,,,,,,-104,-14,0,2147483647,3,,-116,,,,,,,,Yazhiniyan 
11:50,13.0134033,80.23597,97.94300079345703,1.253999948501587,10,4G,Airtel,Tuesday,17-09-2024,Weekday,Morning,35.8,scattered clouds,Free,blue shed,0,No movement,0.00,null,0,-113,,,,,,,,-109,-19,0,2147483647,3,,-116,,,,,,,,Yazhiniyan 
11:50,13.013409,80.2359726,97.94300079345703,1.253999948501587,10,4G,Airtel,Tuesday,17-09-2024,Weekday,Morning,35.8,scattered clouds,Free,blue shed,0,Slow Walking,0.52,null,0,-113,,,,,,,,-101,-13,0,2147483647,3,,-115,,,,,,,,Yazhiniyan 
11:50,13.0134096,80.2360097,97.94300079345703,1.253999948501587,10,4G,Airtel,Tuesday,17-09-2024,Weekday,Morning,35.8,scattered clouds,Free,blue shed,0,Slow Walking,0.52,null,0,-113,,,,,,,,-103,-13,0,2147483647,3,,-115,,,,,,,,Yazhiniyan 
11:50,13.0134154,80.2360172,97.94300079345703,1.253999948501587,10,4G,Airtel,Tuesday,17-09-2024,Weekday,Morning,35.8,scattered clouds,Free,blue shed,0,Slow Walking,0.52,null,0,-113,,,,,,,,-105,-15,0,2147483647,3,,-115,,,,,,,,Yazhiniyan 
11:50,13.0134088,80.236022,97.94300079345703,1.253999948501587,10,4G,Airtel,Tuesday,17-09-2024,Weekday,Morning,35.8,scattered clouds,Free,blue shed,0,Slow Walking,0.52,null,0,-113,,,,,,,,-105,-17,0,2147483647,3,,-115,,,,,,,,Yazhiniyan 
11:50,13.013403,80.2360189,97.94300079345703,1.253999948501587,10,4G,Airtel,Tuesday,17-09-2024,Weekday,Morning,35.8,scattered clouds,Free,blue shed,0,Slow Walking,0.52,null,0,-113,,,,,,,,-108,-17,0,2147483647,3,,-115,,,,,,,,Yazhiniyan 
11:50,13.0134017,80.2360065,97.94300079345703,1.253999948501587,10,4G,Airtel,Tuesday,17-09-2024,Weekday,Morning,35.8,scattered clouds,Free,blue shed,0,Slow Walking,0.48,null,0,-113,,,,,,,,-108,-17,0,2147483647,3,,-115,,,,,,,,Yazhiniyan 
11:50,13.0134279,80.2356384,261.0169982910156,0.5680000185966492,11,4G,Airtel,Tuesday,17-09-2024,Weekday,Morning,35.8,scattered clouds,Free,Knowledge Park,0,Walking,0.97,,,,,,,,,,,-109,-19,0,2147483647,3,,-108,,,,,,,,Yuvaraj 
11:50,13.0134346,80.2356589,261.0169982910156,0.5680000185966492,11,4G,Airtel,Tuesday,17-09-2024,Weekday,Morning,35.8,scattered clouds,Free,Knowledge Park,0,Walking,0.97,,,,,,,,,,,-107,-18,0,2147483647,3,,-108,,,,,,,,Yuvaraj 
11:50,13.0134347,80.235675,261.0169982910156,0.5680000185966492,11,4G,Airtel,Tuesday,17-09-2024,Weekday,Morning,35.8,scattered clouds,Free,Knowledge Park,0,Walking,0.92,,,,,,,,,,,-110,-20,0,2147483647,3,,-108,,,,,,,,Yuvaraj 
11:50,13.0134326,80.2356961,261.0169982910156,0.5680000185966492,11,4G,Airtel,Tuesday,17-09-2024,Weekday,Morning,35.8,scattered clouds,Free,Knowledge Park,0,Walking,0.92,,,,,,,,,,,-110,-20,0,2147483647,3,,-108,,,,,,,,Yuvaraj 
11:50,13.0134326,80.2356961,261.0169982910156,0.5680000185966492,11,4G,Airtel,Tuesday,17-09-2024,Weekday,Morning,35.8,scattered clouds,Free,Knowledge Park,0,Walking,0.92,,,,,,,,,,,-111,-20,0,2147483647,3,,-108,,,,,,,,Yuvaraj 
11:50,13.0134263,80.2357189,261.0169982910156,0.5680000185966492,11,4G,Airtel,Tuesday,17-09-2024,Weekday,Morning,35.8,scattered clouds,Free,Knowledge Park,0,Walking,1.02,,,,,,,,,,,-111,-20,0,2147483647,3,,-108,,,,,,,,Yuvaraj 
11:50,13.0134355,80.2357234,261.0169982910156,0.5680000185966492,11,4G,Airtel,Tuesday,17-09-2024,Weekday,Morning,35.8,scattered clouds,Free,Knowledge Park,0,Walking,1.02,,,,,,,,,,,-111,-20,0,2147483647,3,,-108,,,,,,,,Yuvaraj 
11:50,13.0134434,80.2357445,0.0,0.0,0,4G,Airtel,Tuesday,17-09-2024,Weekday,Morning,35.8,scattered clouds,Free,Knowledge Park,0,Walking,0.90,,,,,,,,,,,-105,-14,0,2147483647,3,,-108,,,,,,,,Yuvaraj 
11:50,13.0134465,80.2357544,0.0,0.0,8,4G,Airtel,Tuesday,17-09-2024,Weekday,Morning,35.8,scattered clouds,Free,Knowledge Park,0,Walking,0.90,,,,,,,,,,,-109,-19,0,2147483647,3,,-108,,,,,,,,Yuvaraj 
11:50,13.0133865,80.235809,75.076,0.0,8,4G,Airtel,Tuesday,17-09-2024,Weekday,Morning,35.8,scattered clouds,Free,Knowledge Park,0,Walking,0.75,,,,,,,,,,,-111,-20,0,2147483647,3,,-108,,,,,,,,Yuvaraj 
11:50,13.0133701,80.235801,75.076,0.0,8,4G,Airtel,Tuesday,17-09-2024,Weekday,Morning,35.8,scattered clouds,Free,Knowledge Park,0,Slow Walking,0.64,,,,,,,,,,,-111,-20,0,2147483647,3,,-108,,,,,,,,Yuvaraj 
11:50,13.0133701,80.235801,75.076,0.0,8,4G,Airtel,Tuesday,17-09-2024,Weekday,Morning,35.8,scattered clouds,Free,Knowledge Park,0,Slow Walking,0.64,,,,,,,,,,,-101,-13,0,2147483647,3,,-108,,,,,,,,Yuvaraj 
11:50,13.0133432,80.235783,75.076,0.0,8,4G,Airtel,Tuesday,17-09-2024,Weekday,Morning,35.8,scattered clouds,Free,Knowledge Park,0,Slow Walking,0.43,,,,,,,,,,,-109,-20,0,2147483647,3,,-112,,,,,,,,Yuvaraj 
11:50,13.0133308,80.2357842,75.07599639892578,0.5019999742507935,8,4G,Airtel,Tuesday,17-09-2024,Weekday,Morning,35.8,scattered clouds,Free,Knowledge Park,0,Slow Walking,0.50,,,,,,,,,,,-109,-20,0,2147483647,3,,-112,,,,,,,,Yuvaraj 
11:50,13.0133274,80.2357877,75.07599639892578,0.5019999742507935,8,4G,Airtel,Tuesday,17-09-2024,Weekday,Morning,35.8,scattered clouds,Free,Knowledge Park,0,Slow Walking,0.50,,,,,,,,,,,-104,-13,0,2147483647,3,,-112,,,,,,,,Yuvaraj 
11:50,13.0133286,80.2357877,75.07599639892578,0.5019999742507935,8,4G,Airtel,Tuesday,17-09-2024,Weekday,Morning,35.8,scattered clouds,Free,Knowledge Park,0,No movement,0.04,,,,,,,,,,,-100,-12,0,2147483647,3,,-112,,,,,,,,Yuvaraj 
11:50,13.0133284,80.2357956,75.07599639892578,0.5019999742507935,8,4G,Airtel,Tuesday,17-09-2024,Weekday,Morning,35.8,scattered clouds,Free,Knowledge Park,0,No movement,0.04,,,,,,,,,,,-101,-12,0,2147483647,3,,-112,,,,,,,,Yuvaraj 
11:50,13.0133292,80.2357962,75.07599639892578,0.5019999742507935,8,4G,Airtel,Tuesday,17-09-2024,Weekday,Morning,35.8,scattered clouds,Free,Knowledge Park,0,No movement,0.03,,,,,,,,,,,-110,-19,0,2147483647,3,,-112,,,,,,,,Yuvaraj 
11:50,13.0133265,80.2358,75.07599639892578,0.5019999742507935,8,4G,Airtel,Tuesday,17-09-2024,Weekday,Morning,35.8,scattered clouds,Free,Knowledge Park,0,No movement,0.03,,,,,,,,,,,-107,-17,0,2147483647,3,,-112,,,,,,,,Yuvaraj 
11:50,13.0131548,80.235537,0.108,0.0,41,4G,Jio,Tuesday,17-09-2024,Weekday,Morning,35.12,scattered clouds,Free,PrintingDeptRoad,0,No movement,0.00,,,,,,,,,,,-92,-15,0,0,40,,,,,,,,,,Hariharan
11:50,13.0131637,80.2353651,0.108,0.0,41,4G,Jio,Tuesday,17-09-2024,Weekday,Morning,35.8,scattered clouds,Free,PrintingDeptRoad,0,No movement,0.11,,,,,,,,,,,-108,-14,0,0,40,,,,,,,,,,Hariharan
11:51,13.0131647,80.2353602,0.108,0.0,41,4G,Jio,Tuesday,17-09-2024,Weekday,Morning,35.8,scattered clouds,Free,PrintingDeptRoad,0,No movement,0.11,,,,,,,,,,,-96,-17,0,0,40,,,,,,,,,,Hariharan
11:51,13.0131647,80.2353602,0.108,0.0,41,4G,Jio,Tuesday,17-09-2024,Weekday,Morning,35.8,scattered clouds,Free,PrintingDeptRoad,0,Slow Walking,0.37,,,,,,,,,,,-96,-17,0,0,40,,,,,,,,,,Hariharan
11:51,13.0131708,80.2353559,0.108,0.0,41,4G,Jio,Tuesday,17-09-2024,Weekday,Morning,35.8,scattered clouds,Free,PrintingDeptRoad,0,Slow Walking,0.37,,,,,,,,,,,-110,-16,0,0,40,,,,,,,,,,Hariharan
11:51,13.0131698,80.2353424,0.108,0.0,41,4G,Jio,Tuesday,17-09-2024,Weekday,Morning,35.8,scattered clouds,Free,PrintingDeptRoad,0,Walking,0.71,,,,,,,,,,,-111,-14,2147483647,6,40,,,,,,,,,,Hariharan
11:51,13.0131716,80.2353508,0.108,0.0,41,4G,Jio,Tuesday,17-09-2024,Weekday,Morning,35.8,scattered clouds,Free,PrintingDeptRoad,0,Walking,0.71,,,,,,,,,,,-115,-18,0,0,40,,,,,,,,,,Hariharan
11:51,13.0131791,80.2353605,0.108,0.0,41,4G,Jio,Tuesday,17-09-2024,Weekday,Morning,35.8,scattered clouds,Free,PrintingDeptRoad,0,Walking,0.96,,,,,,,,,,,-115,-18,0,0,40,,,,,,,,,,Hariharan
11:51,13.0131791,80.2353605,0.108,0.0,41,4G,Jio,Tuesday,17-09-2024,Weekday,Morning,35.8,scattered clouds,Free,PrintingDeptRoad,0,Walking,0.96,,,,,,,,,,,-110,-15,0,0,40,,,,,,,,,,Hariharan
11:51,13.0131663,80.23532,0.108,0.0,41,4G,Jio,Tuesday,17-09-2024,Weekday,Morning,35.49,scattered clouds,Free,PrintingDeptRoad,0,Walking,0.86,,,,,,,,,,,-112,-17,0,0,40,,,,,,,,,,Hariharan
11:50,13.0133256,80.2357995,75.07599639892578,0.5019999742507935,8,4G,Airtel,Tuesday,17-09-2024,Weekday,Morning,35.8,scattered clouds,Free,Knowledge Park,0,No movement,0.03,,,,,,,,,,,-110,-20,0,2147483647,3,,-108,,,,,,,,Yuvaraj 
11:51,13.0133238,80.2358032,75.07599639892578,0.5019999742507935,8,4G,Airtel,Tuesday,17-09-2024,Weekday,Morning,35.8,scattered clouds,Free,Knowledge Park,0,No movement,0.15,,,,,,,,,,,-102,-12,0,2147483647,3,,-44,,,,,,,,Yuvaraj 
11:51,13.0133167,80.2358092,75.07599639892578,0.5019999742507935,8,4G,Airtel,Tuesday,17-09-2024,Weekday,Morning,35.8,scattered clouds,Free,Knowledge Park,0,No movement,0.15,,,,,,,,,,,-102,-12,0,2147483647,3,,-44,,,,,,,,Yuvaraj 
11:51,13.0133167,80.2358092,75.07599639892578,0.5019999742507935,8,4G,Airtel,Tuesday,17-09-2024,Weekday,Morning,35.8,scattered clouds,Free,Knowledge Park,0,Slow Walking,0.59,,,,,,,,,,,-102,-13,0,2147483647,3,,-44,,,,,,,,Yuvaraj 
11:51,13.0133035,80.2358095,75.07599639892578,0.5019999742507935,8,4G,Airtel,Tuesday,17-09-2024,Weekday,Morning,35.8,scattered clouds,Free,Knowledge Park,0,Slow Walking,0.59,,,,,,,,,,,-102,-13,0,2147483647,3,,-44,,,,,,,,Yuvaraj 
11:51,13.0132863,80.235808,75.07599639892578,0.5019999742507935,8,4G,Airtel,Tuesday,17-09-2024,Weekday,Morning,35.8,scattered clouds,Free,Knowledge Park,0,Slow Walking,0.59,,,,,,,,,,,-102,-13,0,2147483647,3,,-44,,,,,,,,Yuvaraj 
11:51,13.0132783,80.2358067,0.0,0.0,0,4G,Airtel,Tuesday,17-09-2024,Weekday,Morning,35.8,scattered clouds,Free,Knowledge Park,0,Slow Walking,0.45,,,,,,,,,,,-107,-20,0,2147483647,3,,-111,,,,,,,,Yuvaraj 
11:51,13.0132877,80.2358026,0.0,0.0,10,4G,Airtel,Tuesday,17-09-2024,Weekday,Morning,35.8,scattered clouds,Free,Knowledge Park,0,No movement,0.03,,,,,,,,,,,-100,-12,0,2147483647,3,,-111,,,,,,,,Yuvaraj 
11:51,13.0132911,80.235801,0.0,0.0,10,4G,Airtel,Tuesday,17-09-2024,Weekday,Morning,35.8,scattered clouds,Free,Knowledge Park,0,No movement,0.09,,,,,,,,,,,-100,-12,0,2147483647,3,,-111,,,,,,,,Yuvaraj 
11:51,13.0132906,80.2358009,0.0,0.0,10,4G,Airtel,Tuesday,17-09-2024,Weekday,Morning,35.8,scattered clouds,Free,Knowledge Park,0,No movement,0.09,,,,,,,,,,,-108,-20,0,2147483647,3,,-111,,,,,,,,Yuvaraj 
11:51,13.0132695,80.2358058,0.0,0.0,10,4G,Airtel,Tuesday,17-09-2024,Weekday,Morning,35.8,scattered clouds,Free,Knowledge Park,0,Slow Walking,0.28,,,,,,,,,,,-99,-12,0,2147483647,3,,-44,,,,,,,,Yuvaraj 
11:51,13.0132623,80.2358063,257.784,0.0,10,4G,Airtel,Tuesday,17-09-2024,Weekday,Morning,35.8,scattered clouds,Free,Knowledge Park,0,Slow Walking,0.28,,,,,,,,,,,-99,-12,0,2147483647,3,,-44,,,,,,,,Yuvaraj 
11:51,13.0132461,80.2357885,257.784,0.0,10,4G,Airtel,Tuesday,17-09-2024,Weekday,Morning,35.8,scattered clouds,Free,Knowledge Park,0,Slow Walking,0.50,,,,,,,,,,,-105,-19,0,2147483647,3,,-108,,,,,,,,Yuvaraj 
11:51,13.0132461,80.2357885,257.784,0.0,10,4G,Airtel,Tuesday,17-09-2024,Weekday,Morning,35.8,scattered clouds,Free,Knowledge Park,0,Slow Walking,0.50,,,,,,,,,,,-107,-20,0,2147483647,3,,-108,,,,,,,,Yuvaraj 
11:51,13.0132465,80.2357815,257.784,0.0,10,4G,Airtel,Tuesday,17-09-2024,Weekday,Morning,35.8,scattered clouds,Free,Knowledge Park,0,No movement,0.03,,,,,,,,,,,-107,-20,0,2147483647,3,,-108,,,,,,,,Yuvaraj 
11:51,13.0132344,80.2357769,257.784,0.0,10,4G,Airtel,Tuesday,17-09-2024,Weekday,Morning,35.8,scattered clouds,Free,Knowledge Park,0,No movement,0.03,,,,,,,,,,,-105,-19,0,2147483647,3,,-108,,,,,,,,Yuvaraj 
11:51,13.0132344,80.2357769,257.78399658203125,0.8740000128746033,10,4G,Airtel,Tuesday,17-09-2024,Weekday,Morning,35.8,scattered clouds,Free,Knowledge Park,0,No movement,0.03,,,,,,,,,,,-107,-18,0,2147483647,3,,-108,,,,,,,,Yuvaraj 
11:51,13.0132329,80.235774,257.78399658203125,0.8740000128746033,10,4G,Airtel,Tuesday,17-09-2024,Weekday,Morning,35.8,scattered clouds,Free,Knowledge Park,0,No movement,0.03,,,,,,,,,,,-107,-20,0,2147483647,3,,-108,,,,,,,,Yuvaraj 
11:51,13.0132327,80.2357699,257.78399658203125,0.8740000128746033,10,4G,Airtel,Tuesday,17-09-2024,Weekday,Morning,35.8,scattered clouds,Free,Knowledge Park,0,No movement,0.03,,,,,,,,,,,-107,-20,0,2147483647,3,,-110,,,,,,,,Yuvaraj 
11:51,13.0132312,80.2357698,257.78399658203125,0.8740000128746033,10,4G,Airtel,Tuesday,17-09-2024,Weekday,Morning,35.8,scattered clouds,Free,Knowledge Park,0,No movement,0.03,,,,,,,,,,,-107,-20,0,2147483647,3,,-110,,,,,,,,Yuvaraj 
11:51,13.0132291,80.2357671,257.78399658203125,0.8740000128746033,10,4G,Airtel,Tuesday,17-09-2024,Weekday,Morning,35.49,scattered clouds,Free,Knowledge Park,0,No movement,0.03,,,,,,,,,,,-105,-19,0,2147483647,3,,-110,,,,,,,,Yuvaraj 
11:51,13.0132298,80.2357649,257.78399658203125,0.8740000128746033,10,4G,Airtel,Tuesday,17-09-2024,Weekday,Morning,35.49,scattered clouds,Free,Knowledge Park,0,No movement,0.03,,,,,,,,,,,-99,-14,0,2147483647,3,,-110,,,,,,,,Yuvaraj 
11:51,13.0132288,80.2357659,257.78399658203125,0.8740000128746033,10,4G,Airtel,Tuesday,17-09-2024,Weekday,Morning,35.49,scattered clouds,Free,Knowledge Park,0,No movement,0.12,,,,,,,,,,,-99,-14,0,2147483647,3,,-110,,,,,,,,Yuvaraj 
11:51,13.0132279,80.235764,257.78399658203125,0.8740000128746033,10,4G,Airtel,Tuesday,17-09-2024,Weekday,Morning,35.49,scattered clouds,Free,Knowledge Park,0,No movement,0.12,,,,,,,,,,,-105,-20,0,2147483647,3,,-110,,,,,,,,Yuvaraj 
11:51,13.0132272,80.2357615,257.78399658203125,0.8740000128746033,10,4G,Airtel,Tuesday,17-09-2024,Weekday,Morning,35.49,scattered clouds,Free,Knowledge Park,0,Slow Walking,0.23,,,,,,,,,,,-102,-18,0,2147483647,3,,-110,,,,,,,,Yuvaraj 
11:52,13.0132193,80.2357664,0.0,0.0,0,4G,Airtel,Tuesday,17-09-2024,Weekday,Morning,35.49,scattered clouds,Free,Knowledge Park,0,Slow Walking,0.23,,,,,,,,,,,-97,-12,0,2147483647,3,,-105,,,,,,,,Yuvaraj 
11:52,13.0132194,80.2357692,0.0,0.0,9,4G,Airtel,Tuesday,17-09-2024,Weekday,Morning,35.49,scattered clouds,Free,Knowledge Park,0,Slow Walking,0.58,,,,,,,,,,,-98,-12,0,2147483647,3,,-105,,,,,,,,Yuvaraj 
11:52,13.0131963,80.2357665,0.0,0.0,9,4G,Airtel,Tuesday,17-09-2024,Weekday,Morning,35.49,scattered clouds,Free,IT Par,0,Slow Walking,0.63,,,,,,,,,,,-105,-20,0,2147483647,3,,-101,,,,,,,,Yuvaraj 
11:52,13.0131912,80.2357639,0.0,0.0,9,4G,Airtel,Tuesday,17-09-2024,Weekday,Morning,35.49,scattered clouds,Free,IT Depa,0,Slow Walking,0.63,,,,,,,,,,,-100,-16,0,2147483647,3,,-101,,,,,,,,Yuvaraj 
11:52,13.0131912,80.2357639,0.0,0.0,9,4G,Airtel,Tuesday,17-09-2024,Weekday,Morning,35.49,scattered clouds,Free,IT Dep,0,No movement,0.04,,,,,,,,,,,-105,-19,0,2147483647,3,,-101,,,,,,,,Yuvaraj 
11:52,13.0131901,80.2357624,0.0,0.0,9,4G,Airtel,Tuesday,17-09-2024,Weekday,Morning,35.49,scattered clouds,Free,IT Department ,0,No movement,0.04,,,,,,,,,,,-105,-19,0,2147483647,3,,-101,,,,,,,,Yuvaraj 
11:52,13.0131618,80.235716,320.664,0.0,9,4G,Airtel,Tuesday,17-09-2024,Weekday,Morning,35.49,scattered clouds,Free,IT Department ,0,No movement,0.02,,,,,,,,,,,-103,-20,0,2147483647,3,,-106,,,,,,,,Yuvaraj 
11:52,13.0131465,80.235708,0.0,0.0,0,4G,Airtel,Tuesday,17-09-2024,Weekday,Morning,35.49,scattered clouds,Free,IT Department ,0,No movement,0.10,,,,,,,,,,,-103,-19,0,2147483647,3,,-44,,,,,,,,Yuvaraj 
11:52,13.0131385,80.2356999,0.0,0.0,9,4G,Airtel,Tuesday,17-09-2024,Weekday,Morning,35.49,scattered clouds,Free,IT Department ,0,Slow Walking,0.49,,,,,,,,,,,-99,-17,0,2147483647,3,,-44,,,,,,,,Yuvaraj 
11:52,13.0131265,80.235704,0.0,0.0,9,4G,Airtel,Tuesday,17-09-2024,Weekday,Morning,35.49,scattered clouds,Free,IT Department ,0,Slow Walking,0.49,,,,,,,,,,,-99,-18,0,2147483647,3,,-44,,,,,,,,Yuvaraj 
11:52,13.013083,80.2357303,0.0,0.0,9,4G,Airtel,Tuesday,17-09-2024,Weekday,Morning,35.49,scattered clouds,Free,IT Department ,0,Slow Walking,0.61,,,,,,,,,,,-94,-11,0,2147483647,3,,-104,,,,,,,,Yuvaraj 
11:52,13.0130926,80.235741,319.965,0.0,9,4G,Airtel,Tuesday,17-09-2024,Weekday,Morning,35.49,scattered clouds,Free,IT Department ,0,Slow Walking,0.34,,,,,,,,,,,-104,-17,0,2147483647,3,,-90,,,,,,,,Yuvaraj 
11:52,13.013098,80.2357373,319.965,0.0,9,4G,Airtel,Tuesday,17-09-2024,Weekday,Morning,35.49,scattered clouds,Free,IT Department ,0,Slow Walking,0.34,,,,,,,,,,,-104,-19,0,2147483647,3,,-90,,,,,,,,Yuvaraj 
11:52,13.0131001,80.2357339,319.965,0.0,9,4G,Airtel,Tuesday,17-09-2024,Weekday,Morning,35.49,scattered clouds,Free,IT Department ,0,Slow Walking,0.34,,,,,,,,,,,-105,-19,0,2147483647,3,,-90,,,,,,,,Yuvaraj 
11:52,13.013101,80.235734,319.965,0.0,9,4G,Airtel,Tuesday,17-09-2024,Weekday,Morning,35.49,scattered clouds,Free,IT Department ,0,No movement,0.05,,,,,,,,,,,-101,-18,0,2147483647,3,,-90,,,,,,,,Yuvaraj 
11:52,13.013101,80.2357346,319.965,0.0,9,4G,Airtel,Tuesday,17-09-2024,Weekday,Morning,35.49,scattered clouds,Free,IT Department ,0,No movement,0.05,,,,,,,,,,,-103,-19,0,2147483647,3,,-90,,,,,,,,Yuvaraj 
11:52,13.013101,80.2357346,319.965,0.0,9,4G,Airtel,Tuesday,17-09-2024,Weekday,Morning,35.49,scattered clouds,Free,IT Department ,0,No movement,0.05,,,,,,,,,,,-101,-18,0,2147483647,3,,-90,,,,,,,,Yuvaraj 
11:52,13.0131009,80.2357347,319.9649963378906,7.742000102996826,9,4G,Airtel,Tuesday,17-09-2024,Weekday,Morning,35.49,scattered clouds,Free,IT Department ,0,No movement,0.02,,,,,,,,,,,-101,-18,0,2147483647,3,,-90,,,,,,,,Yuvaraj 
11:52,13.0131004,80.2357345,319.9649963378906,7.742000102996826,9,4G,Airtel,Tuesday,17-09-2024,Weekday,Morning,35.49,scattered clouds,Free,IT Department ,0,No movement,0.02,,,,,,,,,,,-102,-18,0,2147483647,3,,-90,,,,,,,,Yuvaraj 
11:52,13.0131004,80.2357345,319.9649963378906,7.742000102996826,9,4G,Airtel,Tuesday,17-09-2024,Weekday,Morning,35.49,scattered clouds,Free,IT Department ,0,No movement,0.07,,,,,,,,,,,-101,-17,0,2147483647,3,,-90,,,,,,,,Yuvaraj 
11:53,13.0130988,80.235734,319.9649963378906,7.742000102996826,9,4G,Airtel,Tuesday,17-09-2024,Weekday,Morning,35.49,scattered clouds,Free,IT Department ,0,No movement,0.07,,,,,,,,,,,-101,-18,0,2147483647,3,,-90,,,,,,,,Yuvaraj 
11:53,13.0130919,80.2357197,319.9649963378906,7.742000102996826,9,4G,Airtel,Tuesday,17-09-2024,Weekday,Morning,35.49,scattered clouds,Free,IT Department ,0,Slow Walking,0.23,,,,,,,,,,,-97,-14,0,2147483647,3,,-44,,,,,,,,Yuvaraj 
11:51,13.0131742,80.2353228,0.108,0.0,41,4G,Jio,Tuesday,17-09-2024,Weekday,Morning,35.8,scattered clouds,Free,PrintingDeptRoad,0,No movement,0.02,,,,,,,,,,,-112,-18,0,0,40,,,,,,,,,,Hariharan
11:51,13.0131742,80.2353228,0.0,0.0,29,4G,Jio,Tuesday,17-09-2024,Weekday,Morning,35.8,scattered clouds,Free,PrintingDeptRoad,0,No movement,0.09,,,,,,,,,,,-112,-17,0,0,40,,,,,,,,,,Hariharan
11:51,13.0131742,80.2353228,0.36,0.0,29,4G,Jio,Tuesday,17-09-2024,Weekday,Morning,35.49,scattered clouds,Free,PrintingDeptRoad,0,No movement,0.17,,,,,,,,,,,-103,-10,1,6,40,,,,,,,,,,Hariharan
11:52,13.0131634,80.2353206,0.36,0.0,29,4G,Jio,Tuesday,17-09-2024,Weekday,Morning,35.49,scattered clouds,Free,PrintingDeptRoad,0,Slow Walking,0.23,,,,,,,,,,,-112,-20,0,0,40,,,,,,,,,,Hariharan
11:52,13.0131634,80.2353206,0.36,0.0,29,4G,Jio,Tuesday,17-09-2024,Weekday,Morning,35.49,scattered clouds,Free,PrintingDeptRoad,0,No movement,0.07,,,,,,,,,,,-112,-19,0,0,40,,,,,,,,,,Hariharan
11:52,13.0131634,80.2353206,0.36,0.0,29,4G,Jio,Tuesday,17-09-2024,Weekday,Morning,35.49,scattered clouds,Free,PrintingDeptRoad,0,No movement,0.07,,,,,,,,,,,-111,-19,0,0,40,,,,,,,,,,Hariharan
11:52,13.0131619,80.235314,0.36,0.0,29,4G,Jio,Tuesday,17-09-2024,Weekday,Morning,35.49,scattered clouds,Free,PrintingDeptRoad,0,No movement,0.07,,,,,,,,,,,-109,-13,2,6,40,,,,,,,,,,Hariharan
11:52,13.0131642,80.2353139,0.36,0.0,29,4G,Jio,Tuesday,17-09-2024,Weekday,Morning,35.49,scattered clouds,Free,PrintingDeptRoad,0,No movement,0.12,,,,,,,,,,,-111,-17,0,0,40,,,,,,,,,,Hariharan
11:52,13.0131551,80.2352996,0.36,0.0,29,4G,Jio,Tuesday,17-09-2024,Weekday,Morning,35.49,scattered clouds,Free,PrintingDeptRoad,0,Slow Walking,0.64,,,,,,,,,,,-110,-17,0,0,40,,,,,,,,,,Hariharan
11:52,13.0131446,80.2352843,0.36,0.0,29,4G,Jio,Tuesday,17-09-2024,Weekday,Morning,35.49,scattered clouds,Free,PrintingDeptRoad,0,Walking,0.98,,,,,,,,,,,-110,-17,0,0,40,,,,,,,,,,Hariharan
11:52,13.0131682,80.235265,0.36,0.0,29,4G,Jio,Tuesday,17-09-2024,Weekday,Morning,35.49,scattered clouds,Free,PrintingDeptRoad,0,Walking,0.98,,,,,,,,,,,-110,-16,0,0,40,,,,,,,,,,Hariharan
11:52,13.0131841,80.2352727,0.36,0.0,29,4G,Jio,Tuesday,17-09-2024,Weekday,Morning,35.49,scattered clouds,Free,PrintingDeptRoad,0,Walking,0.98,,,,,,,,,,,-110,-16,0,0,40,,,,,,,,,,Hariharan
11:52,13.0131841,80.2352727,0.36,0.0,29,4G,Jio,Tuesday,17-09-2024,Weekday,Morning,35.49,scattered clouds,Free,PrintingDeptRoad,0,Walking,0.95,,,,,,,,,,,-110,-16,0,0,40,,,,,,,,,,Hariharan
11:52,13.0132046,80.2352558,0.36,0.0,29,4G,Jio,Tuesday,17-09-2024,Weekday,Morning,35.49,scattered clouds,Free,PrintingDeptRoad,0,Walking,0.95,,,,,,,,,,,-111,-17,0,0,40,,,,,,,,,,Hariharan
11:52,13.0131894,80.2352407,0.36,0.0,29,4G,Jio,Tuesday,17-09-2024,Weekday,Morning,35.49,scattered clouds,Free,PrintingDeptRoad,0,Walking,0.80,,,,,,,,,,,-111,-17,0,0,40,,,,,,,,,,Hariharan
11:52,13.0131794,80.2352304,0.36,0.0,29,4G,Jio,Tuesday,17-09-2024,Weekday,Morning,35.49,scattered clouds,Free,PrintingDeptRoad,0,Walking,0.80,,,,,,,,,,,-111,-17,0,0,40,,,,,,,,,,Hariharan
11:52,13.0131875,80.2352371,0.36,0.0,29,4G,Jio,Tuesday,17-09-2024,Weekday,Morning,35.49,scattered clouds,Free,PrintingDeptRoad,0,Slow Walking,0.60,,,,,,,,,,,-111,-17,0,0,40,,,,,,,,,,Hariharan
11:52,13.0130784,80.2363518,153.17100524902344,1.1670000553131104,14,4G,Airtel,Tuesday,17-09-2024,Weekday,Morning,35.49,scattered clouds,Free,blue shed ,0,No movement,0.00,,,,,,,,,,,-109,-20,0,2147483647,3,,,,,,,,,,Yazhiniyan
11:52,13.0135186,80.235966,153.17100524902344,1.1670000553131104,14,4G,Airtel,Tuesday,17-09-2024,Weekday,Morning,35.49,scattered clouds,Free,blue shed ,0,No movement,0.00,,,,,,,,,,,-100,-13,0,2147483647,3,,,,,,,,,,Yazhiniyan
11:52,13.0135007,80.235896,153.17100524902344,1.1670000553131104,14,4G,Airtel,Tuesday,17-09-2024,Weekday,Morning,35.49,scattered clouds,Free,blue shed ,0,Moving in Vehicle,3.29,,,,,,,,,,,-108,-19,0,2147483647,3,,-110,,,,,,,,Yazhiniyan
11:52,13.0135055,80.235874,153.17100524902344,1.1670000553131104,14,4G,Airtel,Tuesday,17-09-2024,Weekday,Morning,35.49,scattered clouds,Free,blue shed ,0,Moving in Vehicle,3.29,,,,,,,,,,,-108,-19,0,2147483647,3,,-110,,,,,,,,Yazhiniyan
11:52,13.0134563,80.2360668,153.17100524902344,1.1670000553131104,14,4G,Airtel,Tuesday,17-09-2024,Weekday,Morning,35.49,scattered clouds,Free,blue shed ,0,No movement,0.13,,,,,,,,,,,-107,-20,0,2147483647,3,,-110,,,,,,,,Yazhiniyan
11:52,13.0134359,80.2360825,153.17100524902344,1.1670000553131104,14,4G,Airtel,Tuesday,17-09-2024,Weekday,Morning,35.49,scattered clouds,Free,blue shed ,0,Slow Walking,0.44,,,,,,,,,,,-107,-20,0,2147483647,3,,-110,,,,,,,,Yazhiniyan
11:52,13.0134346,80.23612,153.17100524902344,1.1670000553131104,14,4G,Airtel,Tuesday,17-09-2024,Weekday,Morning,35.49,scattered clouds,Free,blue shed ,0,Slow Walking,0.44,,,,,,,,,,,-107,-20,0,2147483647,3,,-110,,,,,,,,Yazhiniyan
11:52,13.0134346,80.23612,153.17100524902344,1.1670000553131104,14,4G,Airtel,Tuesday,17-09-2024,Weekday,Morning,35.49,scattered clouds,Free,blue shed ,0,No movement,0.07,,,,,,,,,,,-108,-19,0,2147483647,3,,-110,,,,,,,,Yazhiniyan
11:52,13.0134335,80.2361233,153.17100524902344,1.1670000553131104,14,4G,Airtel,Tuesday,17-09-2024,Weekday,Morning,35.49,scattered clouds,Free,blue shed ,0,No movement,0.07,,,,,,,,,,,-106,-20,0,2147483647,3,,-110,,,,,,,,Yazhiniyan
11:52,13.0134348,80.2361231,153.17100524902344,1.1670000553131104,14,4G,Airtel,Tuesday,17-09-2024,Weekday,Morning,35.49,scattered clouds,Free,blue shed ,0,No movement,0.07,,,,,,,,,,,-110,-20,0,2147483647,3,,-110,,,,,,,,Yazhiniyan
11:52,13.0134341,80.2361229,153.17100524902344,1.1670000553131104,14,4G,Airtel,Tuesday,17-09-2024,Weekday,Morning,35.49,scattered clouds,Free,blue shed ,0,No movement,0.11,,,,,,,,,,,-110,-20,0,2147483647,3,,-110,,,,,,,,Yazhiniyan
11:52,13.0134077,80.2362144,153.17100524902344,1.1670000553131104,14,4G,Airtel,Tuesday,17-09-2024,Weekday,Morning,35.49,scattered clouds,Free,blue shed ,0,No movement,0.11,,,,,,,,,,,-107,-20,0,2147483647,3,,-110,,,,,,,,Yazhiniyan
11:52,13.0134073,80.2362154,153.17100524902344,1.1670000553131104,14,4G,Airtel,Tuesday,17-09-2024,Weekday,Morning,35.49,scattered clouds,Free,blue shed ,0,Slow Walking,0.39,,,,,,,,,,,-107,-18,0,2147483647,3,,-110,,,,,,,,Yazhiniyan
11:52,13.0133942,80.2362283,153.17100524902344,1.1670000553131104,14,4G,Airtel,Tuesday,17-09-2024,Weekday,Morning,35.49,scattered clouds,Free,blue shed ,0,Slow Walking,0.39,,,,,,,,,,,-99,-13,0,2147483647,3,,-44,,,,,,,,Yazhiniyan
11:52,13.0133945,80.236233,153.17100524902344,1.1670000553131104,14,4G,Airtel,Tuesday,17-09-2024,Weekday,Morning,35.49,scattered clouds,Free,blue shed ,0,Slow Walking,0.46,,,,,,,,,,,-105,-19,0,2147483647,3,,-44,,,,,,,,Yazhiniyan
11:53,13.013379,80.236234,153.17100524902344,1.1670000553131104,14,4G,Airtel,Tuesday,17-09-2024,Weekday,Morning,35.49,scattered clouds,Free,blue shed ,0,Slow Walking,0.46,,,,,,,,,,,-105,-19,0,2147483647,3,,-44,,,,,,,,Yazhiniyan
11:53,13.0133715,80.2362307,153.17100524902344,1.1670000553131104,14,4G,Airtel,Tuesday,17-09-2024,Weekday,Morning,35.49,scattered clouds,Free,blue shed ,0,Slow Walking,0.55,,,,,,,,,,,-104,-18,0,2147483647,3,,-44,,,,,,,,Yazhiniyan
11:53,13.0133443,80.2362159,153.17100524902344,1.1670000553131104,14,4G,Airtel,Tuesday,17-09-2024,Weekday,Morning,35.49,scattered clouds,Free,blue shed ,0,Slow Walking,0.58,,,,,,,,,,,-107,-18,0,2147483647,3,,-109,,,,,,,,Yazhiniyan
11:53,13.0133496,80.2362049,153.17100524902344,1.1670000553131104,14,4G,Airtel,Tuesday,17-09-2024,Weekday,Morning,35.49,scattered clouds,Free,blue shed ,0,Slow Walking,0.58,,,,,,,,,,,-109,-17,0,2147483647,3,,-109,,,,,,,,Yazhiniyan
11:53,13.0130827,80.2357075,319.9649963378906,7.742000102996826,9,4G,Airtel,Tuesday,17-09-2024,Weekday,Morning,35.49,scattered clouds,Free,IT Department ,0,Slow Walking,0.67,,,,,,,,,,,-98,-14,0,2147483647,3,,-44,,,,,,,,Yuvaraj 
11:53,13.0130415,80.2356897,319.9649963378906,7.742000102996826,9,4G,Airtel,Tuesday,17-09-2024,Weekday,Morning,35.49,scattered clouds,Free,IT Department ,0,Slow Walking,0.66,,,,,,,,,,,-101,-17,0,2147483647,3,,-103,,,,,,,,Yuvaraj 
11:53,13.0130218,80.2356983,319.9649963378906,7.742000102996826,9,4G,Airtel,Tuesday,17-09-2024,Weekday,Morning,35.49,scattered clouds,Free,IT Department ,0,Slow Walking,0.39,,,,,,,,,,,-96,-12,0,2147483647,3,,-44,,,,,,,,Yuvaraj 
11:53,13.0130217,80.2356994,319.9649963378906,7.742000102996826,9,4G,Airtel,Tuesday,17-09-2024,Weekday,Morning,35.49,scattered clouds,Free,IT Department ,0,Slow Walking,0.39,,,,,,,,,,,-98,-12,0,2147483647,3,,-44,,,,,,,,Yuvaraj 
11:53,13.0130229,80.2357108,0.0,0.0,0,4G,Airtel,Tuesday,17-09-2024,Weekday,Morning,35.49,scattered clouds,Free,IT Department ,0,No movement,0.16,,,,,,,,,,,-98,-12,0,2147483647,3,,-44,,,,,,,,Yuvaraj 
11:53,13.0130095,80.2357149,0.0,0.0,9,4G,Airtel,Tuesday,17-09-2024,Weekday,Morning,35.49,scattered clouds,Free,IT Department ,0,No movement,0.16,,,,,,,,,,,-107,-18,0,2147483647,3,,-103,,,,,,,,Yuvaraj 
11:53,13.012985,80.2357149,0.0,0.0,9,4G,Airtel,Tuesday,17-09-2024,Weekday,Morning,35.49,scattered clouds,Free,IT Department ,0,Slow Walking,0.57,,,,,,,,,,,-97,-11,0,2147483647,3,,-103,,,,,,,,Yuvaraj 
11:53,13.0129852,80.2357215,0.0,0.0,9,4G,Airtel,Tuesday,17-09-2024,Weekday,Morning,35.49,scattered clouds,Free,IT Department ,0,No movement,0.18,,,,,,,,,,,-106,-19,0,2147483647,3,,-109,,,,,,,,Yuvaraj 
11:53,13.0129864,80.2357221,186.639,0.0,9,4G,Airtel,Tuesday,17-09-2024,Weekday,Morning,35.49,scattered clouds,Free,IT Department ,0,No movement,0.18,,,,,,,,,,,-102,-18,0,2147483647,3,,-109,,,,,,,,Yuvaraj 
11:53,13.0129825,80.2357175,186.639,0.0,9,4G,Airtel,Tuesday,17-09-2024,Weekday,Morning,35.49,scattered clouds,Free,IT Department ,0,Slow Walking,0.22,,,,,,,,,,,-102,-16,0,2147483647,3,,-104,,,,,,,,Yuvaraj 
11:53,13.0129816,80.2357172,186.639,0.0,9,4G,Airtel,Tuesday,17-09-2024,Weekday,Morning,35.49,scattered clouds,Free,IT Department ,0,No movement,0.15,,,,,,,,,,,-102,-18,0,2147483647,3,,-104,,,,,,,,Yuvaraj 
11:53,13.0129766,80.2357153,186.639,0.0,9,4G,Airtel,Tuesday,17-09-2024,Weekday,Morning,35.49,scattered clouds,Free,IT Department ,0,No movement,0.15,,,,,,,,,,,-103,-18,0,2147483647,3,,-104,,,,,,,,Yuvaraj 
11:53,13.0129762,80.235715,186.639,0.0,9,4G,Airtel,Tuesday,17-09-2024,Weekday,Morning,35.49,scattered clouds,Free,IT Department ,0,No movement,0.15,,,,,,,,,,,-99,-12,0,2147483647,3,,-104,,,,,,,,Yuvaraj 
11:53,13.0129678,80.2357173,186.639,0.0,9,4G,Airtel,Tuesday,17-09-2024,Weekday,Morning,35.49,scattered clouds,Free,IT Department ,0,No movement,0.16,,,,,,,,,,,-99,-12,0,2147483647,3,,-104,,,,,,,,Yuvaraj 
11:53,13.012966,80.2357179,186.63900756835938,6.2870001792907715,9,4G,Airtel,Tuesday,17-09-2024,Weekday,Morning,35.49,scattered clouds,Free,IT Department ,0,No movement,0.16,,,,,,,,,,,-107,-18,0,2147483647,3,,-104,,,,,,,,Yuvaraj 
11:54,13.0134006,80.2361664,171.24400329589844,2.0950000286102295,13,4G,Airtel,Tuesday,17-09-2024,Weekday,Morning,35.49,scattered clouds,Free,blue shed ,0,No movement,0.12,,,,,,,,,,,-105,-17,0,2147483647,3,,-109,,,,,,,,Yazhiniyan
11:54,13.0134005,80.2361656,171.24400329589844,2.0950000286102295,13,4G,Airtel,Tuesday,17-09-2024,Weekday,Morning,35.49,scattered clouds,Free,blue shed ,0,No movement,0.12,,,,,,,,,,,-104,-16,0,2147483647,3,,-97,,,,,,,,Yazhiniyan
11:54,13.0133956,80.236169,171.24400329589844,2.0950000286102295,13,4G,Airtel,Tuesday,17-09-2024,Weekday,Morning,35.49,scattered clouds,Free,blue shed ,0,No movement,0.10,,,,,,,,,,,-104,-16,0,2147483647,3,,-97,,,,,,,,Yazhiniyan
11:54,13.0133959,80.2361689,171.24400329589844,2.0950000286102295,13,4G,Airtel,Tuesday,17-09-2024,Weekday,Morning,35.49,scattered clouds,Free,blue shed ,0,No movement,0.10,,,,,,,,,,,-104,-15,0,2147483647,3,,-97,,,,,,,,Yazhiniyan
11:54,13.0133967,80.236169,171.24400329589844,2.0950000286102295,13,4G,Airtel,Tuesday,17-09-2024,Weekday,Morning,35.49,scattered clouds,Free,blue shed ,0,No movement,0.10,,,,,,,,,,,-104,-15,0,2147483647,3,,-97,,,,,,,,Yazhiniyan
11:54,13.0133969,80.236169,171.24400329589844,2.0950000286102295,13,4G,Airtel,Tuesday,17-09-2024,Weekday,Morning,35.49,scattered clouds,Free,blue shed ,0,Slow Walking,0.20,,,,,,,,,,,-105,-15,0,2147483647,3,,-97,,,,,,,,Yazhiniyan
11:54,13.0133944,80.2361656,171.24400329589844,2.0950000286102295,13,4G,Airtel,Tuesday,17-09-2024,Weekday,Morning,35.49,scattered clouds,Free,blue shed ,0,Slow Walking,0.20,,,,,,,,,,,-106,-20,0,2147483647,3,,-97,,,,,,,,Yazhiniyan
11:54,13.0133864,80.2361652,171.24400329589844,2.0950000286102295,13,4G,Airtel,Tuesday,17-09-2024,Weekday,Morning,35.49,scattered clouds,Free,blue shed ,0,Slow Walking,0.37,,,,,,,,,,,-108,-20,0,2147483647,3,,-97,,,,,,,,Yazhiniyan
11:54,13.0133894,80.2361685,171.24400329589844,2.0950000286102295,13,4G,Airtel,Tuesday,17-09-2024,Weekday,Morning,35.49,scattered clouds,Free,blue shed ,0,Slow Walking,0.37,,,,,,,,,,,-108,-20,0,2147483647,3,,-97,,,,,,,,Yazhiniyan
11:54,13.0133833,80.2361696,171.24400329589844,2.0950000286102295,13,4G,Airtel,Tuesday,17-09-2024,Weekday,Morning,35.49,scattered clouds,Free,blue shed ,0,Slow Walking,0.23,,,,,,,,,,,-102,-15,0,2147483647,3,,-97,,,,,,,,Yazhiniyan
11:54,13.0133823,80.2361715,171.24400329589844,2.0950000286102295,13,4G,Airtel,Tuesday,17-09-2024,Weekday,Morning,35.49,scattered clouds,Free,blue shed ,0,Slow Walking,0.23,,,,,,,,,,,-105,-19,0,2147483647,3,,-97,,,,,,,,Yazhiniyan
11:54,13.0133806,80.2361663,171.24400329589844,2.0950000286102295,13,4G,Airtel,Tuesday,17-09-2024,Weekday,Morning,35.49,scattered clouds,Free,blue shed ,0,Slow Walking,0.23,,,,,,,,,,,-102,-15,0,2147483647,3,,-97,,,,,,,,Yazhiniyan
11:54,13.0133839,80.2361541,171.24400329589844,2.0950000286102295,13,4G,Airtel,Tuesday,17-09-2024,Weekday,Morning,35.49,scattered clouds,Free,blue shed ,0,Slow Walking,0.40,,,,,,,,,,,-101,-15,0,2147483647,3,,-110,,,,,,,,Yazhiniyan
11:54,13.0133791,80.2361564,171.24400329589844,2.0950000286102295,13,4G,Airtel,Tuesday,17-09-2024,Weekday,Morning,35.49,scattered clouds,Free,blue shed ,0,Slow Walking,0.35,,,,,,,,,,,-106,-20,0,2147483647,3,,-111,,,,,,,,Yazhiniyan
11:54,13.013375,80.2361566,171.24400329589844,2.0950000286102295,13,4G,Airtel,Tuesday,17-09-2024,Weekday,Morning,35.49,scattered clouds,Free,blue shed ,0,Slow Walking,0.35,,,,,,,,,,,-103,-16,0,2147483647,3,,-111,,,,,,,,Yazhiniyan
11:54,13.0133666,80.2361657,171.24400329589844,2.0950000286102295,13,4G,Airtel,Tuesday,17-09-2024,Weekday,Morning,35.49,scattered clouds,Free,blue shed ,0,Slow Walking,0.32,,,,,,,,,,,-103,-16,0,2147483647,3,,-111,,,,,,,,Yazhiniyan
11:54,13.0133719,80.2361655,171.24400329589844,2.0950000286102295,13,4G,Airtel,Tuesday,17-09-2024,Weekday,Morning,35.49,scattered clouds,Free,blue shed ,0,Slow Walking,0.32,,,,,,,,,,,-107,-20,0,2147483647,3,,-111,,,,,,,,Yazhiniyan
11:54,13.0133711,80.236157,171.24400329589844,2.0950000286102295,13,4G,Airtel,Tuesday,17-09-2024,Weekday,Morning,35.49,scattered clouds,Free,blue shed ,0,Slow Walking,0.32,,,,,,,,,,,-103,-15,0,2147483647,3,,-111,,,,,,,,Yazhiniyan
11:54,13.0133886,80.2361527,171.24400329589844,2.0950000286102295,13,4G,Airtel,Tuesday,17-09-2024,Weekday,Morning,35.49,scattered clouds,Free,blue shed ,0,Slow Walking,0.46,,,,,,,,,,,-105,-20,0,2147483647,3,,-111,,,,,,,,Yazhiniyan
11:54,13.0133927,80.2361596,171.24400329589844,2.0950000286102295,13,4G,Airtel,Tuesday,17-09-2024,Weekday,Morning,35.49,scattered clouds,Free,blue shed ,0,Slow Walking,0.46,,,,,,,,,,,-105,-20,0,2147483647,3,,-111,,,,,,,,Yazhiniyan
11:54,13.013388,80.2361584,171.24400329589844,2.0950000286102295,13,4G,Airtel,Tuesday,17-09-2024,Weekday,Morning,35.49,scattered clouds,Free,blue shed ,0,Slow Walking,0.38,,,,,,,,,,,-100,-15,0,2147483647,3,,-111,,,,,,,,Yazhiniyan
11:54,13.0133869,80.2361576,171.24400329589844,2.0950000286102295,13,4G,Airtel,Tuesday,17-09-2024,Weekday,Morning,35.49,scattered clouds,Free,blue shed ,0,Slow Walking,0.38,,,,,,,,,,,-105,-20,0,2147483647,3,,-111,,,,,,,,Yazhiniyan
11:55,13.0133939,80.236158,171.24400329589844,2.0950000286102295,13,4G,Airtel,Tuesday,17-09-2024,Weekday,Morning,35.49,scattered clouds,Free,blue shed ,0,Slow Walking,0.26,,,,,,,,,,,-103,-16,0,2147483647,3,,-111,,,,,,,,Yazhiniyan
11:55,13.0133973,80.2361549,171.24400329589844,2.0950000286102295,13,4G,Airtel,Tuesday,17-09-2024,Weekday,Morning,35.49,scattered clouds,Free,blue shed ,0,Slow Walking,0.26,,,,,,,,,,,-105,-18,0,2147483647,3,,-111,,,,,,,,Yazhiniyan
11:55,13.0133946,80.2361603,171.24400329589844,2.0950000286102295,13,4G,Airtel,Tuesday,17-09-2024,Weekday,Morning,35.49,scattered clouds,Free,blue shed ,0,Slow Walking,0.28,,,,,,,,,,,-100,-15,0,2147483647,3,,-110,,,,,,,,Yazhiniyan
11:55,13.0133859,80.2361579,171.24400329589844,2.0950000286102295,13,4G,Airtel,Tuesday,17-09-2024,Weekday,Morning,35.49,scattered clouds,Free,blue shed ,0,Slow Walking,0.28,,,,,,,,,,,-98,-14,0,2147483647,3,,-110,,,,,,,,Yazhiniyan
11:55,13.0133838,80.236158,171.24400329589844,2.0950000286102295,13,4G,Airtel,Tuesday,17-09-2024,Weekday,Morning,35.49,scattered clouds,Free,blue shed ,0,No movement,0.19,,,,,,,,,,,-103,-19,0,2147483647,3,,-110,,,,,,,,Yazhiniyan
11:55,13.0133838,80.236158,171.24400329589844,2.0950000286102295,13,4G,Airtel,Tuesday,17-09-2024,Weekday,Morning,35.49,scattered clouds,Free,blue shed ,0,No movement,0.19,,,,,,,,,,,-102,-15,0,2147483647,3,,-110,,,,,,,,Yazhiniyan
11:55,13.0133814,80.2361608,171.24400329589844,2.0950000286102295,13,4G,Airtel,Tuesday,17-09-2024,Weekday,Morning,35.49,scattered clouds,Free,blue shed ,0,Slow Walking,0.30,,,,,,,,,,,-103,-16,0,2147483647,3,,-110,,,,,,,,Yazhiniyan
11:55,13.0133854,80.236161,171.24400329589844,2.0950000286102295,13,4G,Airtel,Tuesday,17-09-2024,Weekday,Morning,35.49,scattered clouds,Free,blue shed ,0,Slow Walking,0.30,,,,,,,,,,,-103,-16,0,2147483647,3,,-110,,,,,,,,Yazhiniyan
11:55,13.0133909,80.2361545,171.24400329589844,2.0950000286102295,13,4G,Airtel,Tuesday,17-09-2024,Weekday,Morning,35.49,scattered clouds,Free,blue shed ,0,Slow Walking,0.30,,,,,,,,,,,-104,-16,0,2147483647,3,,-110,,,,,,,,Yazhiniyan
11:55,13.0133958,80.2361581,171.24400329589844,2.0950000286102295,13,4G,Airtel,Tuesday,17-09-2024,Weekday,Morning,35.49,scattered clouds,Free,blue shed ,0,Slow Walking,0.34,,,,,,,,,,,-105,-19,0,2147483647,3,,-110,,,,,,,,Yazhiniyan
11:55,13.0131535,80.2353026,0.210999995470047,0.07599999755620956,31,4G,Jio,Tuesday,17-09-2024,Weekday,Morning,35.49,scattered clouds,Free,PrintingDeptRoad,0,No movement,0.13,,,,,,,,,,,-105,-11,7,6,40,,,,,,,,,,Hariharan
11:55,13.0131938,80.2352741,0.210999995470047,0.07599999755620956,31,4G,Jio,Tuesday,17-09-2024,Weekday,Morning,35.49,scattered clouds,Free,PrintingDeptRoad,0,No movement,0.13,,,,,,,,,,,-114,-18,0,0,40,,,,,,,,,,Hariharan
11:55,13.0132209,80.2352522,0.210999995470047,0.07599999755620956,31,4G,Jio,Tuesday,17-09-2024,Weekday,Morning,35.49,scattered clouds,Free,PrintingDeptRoad,0,No movement,0.13,,,,,,,,,,,-114,-17,0,0,40,,,,,,,,,,Hariharan
11:55,13.013195,80.2352962,0.210999995470047,0.07599999755620956,31,4G,Jio,Tuesday,17-09-2024,Weekday,Morning,35.49,scattered clouds,Free,PrintingDeptRoad,0,Slow Walking,0.70,,,,,,,,,,,-117,-21,0,0,40,,,,,,,,,,Hariharan
11:55,13.0131785,80.235269,0.210999995470047,0.07599999755620956,31,4G,Jio,Tuesday,17-09-2024,Weekday,Morning,35.49,scattered clouds,Free,PrintingDeptRoad,0,Walking,0.71,,,,,,,,,,,-95,-17,0,0,40,,,,,,,,,,Hariharan
11:55,13.0131656,80.2352561,0.210999995470047,0.07599999755620956,31,4G,Jio,Tuesday,17-09-2024,Weekday,Morning,35.49,scattered clouds,Free,PrintingDeptRoad,0,Walking,0.71,,,,,,,,,,,-106,-12,3,6,40,,,,,,,,,,Hariharan
11:55,13.0131707,80.2352503,0.210999995470047,0.07599999755620956,31,4G,Jio,Tuesday,17-09-2024,Weekday,Morning,35.49,scattered clouds,Free,PrintingDeptRoad,0,Walking,0.79,,,,,,,,,,,-106,-12,3,6,40,,,,,,,,,,Hariharan
11:55,13.0131871,80.2352565,0.210999995470047,0.07599999755620956,31,4G,Jio,Tuesday,17-09-2024,Weekday,Morning,35.49,scattered clouds,Free,PrintingDeptRoad,0,Walking,0.79,,,,,,,,,,,-114,-18,0,0,40,,,,,,,,,,Hariharan
11:55,13.0131949,80.2352624,0.210999995470047,0.07599999755620956,31,4G,Jio,Tuesday,17-09-2024,Weekday,Morning,35.49,scattered clouds,Free,PrintingDeptRoad,0,Walking,0.79,,,,,,,,,,,-114,-18,0,0,40,,,,,,,,,,Hariharan
11:55,13.0132121,80.2352564,0.210999995470047,0.07599999755620956,31,4G,Jio,Tuesday,17-09-2024,Weekday,Morning,35.49,scattered clouds,Free,PrintingDeptRoad,0,Walking,0.77,,,,,,,,,,,-121,-23,0,0,40,,,,,,,,,,Hariharan
11:55,13.0131944,80.2352373,0.210999995470047,0.07599999755620956,31,4G,Jio,Tuesday,17-09-2024,Weekday,Morning,35.49,scattered clouds,Free,PrintingDeptRoad,0,Walking,0.79,,,,,,,,,,,-111,-15,0,0,40,,,,,,,,,,Hariharan
11:55,13.0131806,80.235227,0.210999995470047,0.07599999755620956,31,4G,Jio,Tuesday,17-09-2024,Weekday,Morning,35.49,scattered clouds,Free,PrintingDeptRoad,0,Walking,0.79,,,,,,,,,,,-111,-15,0,0,40,,,,,,,,,,Hariharan
11:55,13.0131848,80.2352235,0.210999995470047,0.07599999755620956,31,4G,Jio,Tuesday,17-09-2024,Weekday,Morning,35.49,scattered clouds,Free,PrintingDeptRoad,0,Walking,0.85,,,,,,,,,,,-111,-15,0,0,40,,,,,,,,,,Hariharan
11:55,13.0130109,80.2354775,0.0,0.0,0,4G,Airtel,Tuesday,17-09-2024,Weekday,Morning,35.49,scattered clouds,Free,IT Department ,0,No movement,0.00,,,,,,,,,,,-109,-19,0,2147483647,3,,-97,,,,,,,,Yuvaraj 
11:55,13.0130245,80.2354362,0.0,0.0,0,4G,Airtel,Tuesday,17-09-2024,Weekday,Morning,35.49,scattered clouds,Free,IT Department ,0,Moving in Vehicle,5.98,,,,,,,,,,,-109,-19,0,2147483647,3,,-97,,,,,,,,Yuvaraj 
11:55,13.0130245,80.2354362,0.0,0.0,0,4G,Airtel,Tuesday,17-09-2024,Weekday,Morning,35.49,scattered clouds,Free,IT Department ,0,Moving in Vehicle,5.98,,,,,,,,,,,-111,-20,0,2147483647,3,,-97,,,,,,,,Yuvaraj 
11:55,13.0128452,80.2355777,0.0,0.0,0,4G,Airtel,Tuesday,17-09-2024,Weekday,Morning,35.49,scattered clouds,Free,IT Department ,0,Moving in Vehicle,5.98,,,,,,,,,,,-105,-17,0,2147483647,3,,-97,,,,,,,,Yuvaraj 
11:56,13.012845,80.2357633,326.5459899902344,4.9629998207092285,9,4G,Airtel,Tuesday,17-09-2024,Weekday,Morning,35.49,scattered clouds,Free,IT Department ,0,No movement,0.00,,,,,,,,,,,-107,-17,0,2147483647,3,,-97,,,,,,,,Yuvaraj 
11:56,13.012845,80.2357633,326.5459899902344,4.9629998207092285,9,4G,Airtel,Tuesday,17-09-2024,Weekday,Morning,35.49,scattered clouds,Free,IT Department ,0,No movement,0.00,,,,,,,,,,,-109,-18,0,2147483647,3,,-97,,,,,,,,Yuvaraj 
11:56,13.012845,80.2357633,326.5459899902344,4.9629998207092285,9,4G,Airtel,Tuesday,17-09-2024,Weekday,Morning,35.49,scattered clouds,Free,IT Department ,0,No movement,0.00,,,,,,,,,,,-96,-11,0,2147483647,3,,-97,,,,,,,,Yuvaraj 
11:56,13.0128447,80.2357616,326.5459899902344,4.9629998207092285,9,4G,Airtel,Tuesday,17-09-2024,Weekday,Morning,35.49,scattered clouds,Free,IT Department ,0,Slow Walking,0.52,,,,,,,,,,,-96,-11,0,2147483647,3,,-97,,,,,,,,Yuvaraj 
11:56,13.0128425,80.2357633,326.5459899902344,4.9629998207092285,9,4G,Airtel,Tuesday,17-09-2024,Weekday,Morning,35.49,scattered clouds,Free,IT Department ,0,Slow Walking,0.52,,,,,,,,,,,-107,-19,0,2147483647,3,,-97,,,,,,,,Yuvaraj 
11:56,13.0128377,80.2357596,326.5459899902344,4.9629998207092285,9,4G,Airtel,Tuesday,17-09-2024,Weekday,Morning,35.49,scattered clouds,Free,IT Department ,0,Slow Walking,0.52,,,,,,,,,,,-105,-17,0,2147483647,3,,-97,,,,,,,,Yuvaraj 
11:56,13.0128298,80.235754,326.5459899902344,4.9629998207092285,9,4G,Airtel,Tuesday,17-09-2024,Weekday,Morning,35.49,scattered clouds,Free,IT Department ,0,Slow Walking,0.67,,,,,,,,,,,-106,-18,0,2147483647,3,,-97,,,,,,,,Yuvaraj 
11:56,13.0128218,80.2357737,326.5459899902344,4.9629998207092285,9,4G,Airtel,Tuesday,17-09-2024,Weekday,Morning,35.49,scattered clouds,Free,IT Department ,0,Walking,0.77,,,,,,,,,,,-103,-16,0,2147483647,3,,-104,,,,,,,,Yuvaraj 
11:56,13.0128122,80.235759,326.5459899902344,4.9629998207092285,9,4G,Airtel,Tuesday,17-09-2024,Weekday,Morning,35.49,scattered clouds,Free,IT Department ,0,Walking,0.77,,,,,,,,,,,-103,-16,0,2147483647,3,,-104,,,,,,,,Yuvaraj 
11:56,13.0128046,80.2357571,326.5459899902344,4.9629998207092285,9,4G,Airtel,Tuesday,17-09-2024,Weekday,Morning,35.49,scattered clouds,Free,IT Department ,0,Walking,0.77,,,,,,,,,,,-105,-17,0,2147483647,3,,-104,,,,,,,,Yuvaraj 
11:56,13.0127907,80.2357441,326.5459899902344,4.9629998207092285,9,4G,Airtel,Tuesday,17-09-2024,Weekday,Morning,35.49,scattered clouds,Free,IT Department ,0,Walking,0.77,,,,,,,,,,,-103,-17,0,2147483647,3,,-104,,,,,,,,Yuvaraj 
11:56,13.0127909,80.2357395,326.5459899902344,4.9629998207092285,9,4G,Airtel,Tuesday,17-09-2024,Weekday,Morning,35.49,scattered clouds,Free,IT Department ,0,Walking,0.77,,,,,,,,,,,-96,-13,0,2147483647,3,,-104,,,,,,,,Yuvaraj 
11:56,13.0127941,80.2357356,326.5459899902344,4.9629998207092285,9,4G,Airtel,Tuesday,17-09-2024,Weekday,Morning,35.49,scattered clouds,Free,IT Department ,0,Slow Walking,0.45,,,,,,,,,,,-96,-13,0,2147483647,3,,-104,,,,,,,,Yuvaraj 
11:56,13.0128035,80.2357353,326.5459899902344,4.9629998207092285,9,4G,Airtel,Tuesday,17-09-2024,Weekday,Morning,35.49,scattered clouds,Free,IT Department ,0,Slow Walking,0.45,,,,,,,,,,,-98,-15,0,2147483647,3,,-104,,,,,,,,Yuvaraj 
11:56,13.0133798,80.2358284,87.90599822998047,2.7330000400543213,13,4G,Airtel,Tuesday,17-09-2024,Weekday,Morning,35.49,scattered clouds,Free,blue shed ,0,Walking,0.89,,,,,,,,,,,-106,-14,0,2147483647,3,,-110,,,,,,,,Yazhiniyan
11:56,13.0133765,80.2358221,87.90599822998047,2.7330000400543213,13,4G,Airtel,Tuesday,17-09-2024,Weekday,Morning,35.49,scattered clouds,Free,blue shed ,0,Walking,0.89,,,,,,,,,,,-103,-13,0,2147483647,3,,-110,,,,,,,,Yazhiniyan
11:56,13.0133645,80.2358042,87.90599822998047,2.7330000400543213,13,4G,Airtel,Tuesday,17-09-2024,Weekday,Morning,35.49,scattered clouds,Free,blue shed ,0,Walking,0.97,,,,,,,,,,,-102,-12,0,2147483647,3,,-110,,,,,,,,Yazhiniyan
11:56,13.0133544,80.2358119,87.90599822998047,2.7330000400543213,13,4G,Airtel,Tuesday,17-09-2024,Weekday,Morning,35.49,scattered clouds,Free,blue shed ,0,Walking,0.97,,,,,,,,,,,-102,-12,0,2147483647,3,,-110,,,,,,,,Yazhiniyan
11:56,13.0133637,80.2358315,87.90599822998047,2.7330000400543213,13,4G,Airtel,Tuesday,17-09-2024,Weekday,Morning,35.49,scattered clouds,Free,blue shed ,0,Walking,0.99,,,,,,,,,,,-103,-12,0,2147483647,3,,-110,,,,,,,,Yazhiniyan
11:56,13.0133706,80.2358539,87.90599822998047,2.7330000400543213,13,4G,Airtel,Tuesday,17-09-2024,Weekday,Morning,35.49,scattered clouds,Free,blue shed ,0,Walking,0.99,,,,,,,,,,,-102,-12,0,2147483647,3,,-110,,,,,,,,Yazhiniyan
11:56,13.0133694,80.2358695,87.90599822998047,2.7330000400543213,13,4G,Airtel,Tuesday,17-09-2024,Weekday,Morning,35.49,scattered clouds,Free,blue shed ,0,Walking,0.99,,,,,,,,,,,-104,-12,0,2147483647,3,,-110,,,,,,,,Yazhiniyan
11:56,13.0133815,80.2359105,87.90599822998047,2.7330000400543213,13,4G,Airtel,Tuesday,17-09-2024,Weekday,Morning,35.49,scattered clouds,Free,blue shed ,0,Walking,1.10,,,,,,,,,,,-109,-18,0,2147483647,3,,-121,,,,,,,,Yazhiniyan
11:56,13.0133922,80.2359282,87.90599822998047,2.7330000400543213,13,4G,Airtel,Tuesday,17-09-2024,Weekday,Morning,35.49,scattered clouds,Free,blue shed ,0,Walking,1.02,,,,,,,,,,,-109,-18,0,2147483647,3,,-121,,,,,,,,Yazhiniyan
11:56,13.0134167,80.2359641,87.90599822998047,2.7330000400543213,13,4G,Airtel,Tuesday,17-09-2024,Weekday,Morning,35.49,scattered clouds,Free,blue shed ,0,Walking,0.95,,,,,,,,,,,-110,-19,0,2147483647,3,,-117,,,,,,,,Yazhiniyan
11:56,13.013418,80.2359785,87.90599822998047,2.7330000400543213,13,4G,Airtel,Tuesday,17-09-2024,Weekday,Morning,35.49,scattered clouds,Free,blue shed ,0,Walking,0.95,,,,,,,,,,,-110,-19,0,2147483647,3,,-117,,,,,,,,Yazhiniyan
11:56,13.0134225,80.2359946,87.90599822998047,2.7330000400543213,13,4G,Airtel,Tuesday,17-09-2024,Weekday,Morning,35.49,scattered clouds,Free,blue shed ,0,Slow Walking,0.55,,,,,,,,,,,-110,-20,0,2147483647,3,,-106,,,,,,,,Yazhiniyan
11:56,13.0134253,80.2360129,87.90599822998047,2.7330000400543213,13,4G,Airtel,Tuesday,17-09-2024,Weekday,Morning,35.49,scattered clouds,Free,blue shed ,0,Slow Walking,0.51,,,,,,,,,,,-110,-20,0,2147483647,3,,-115,,,,,,,,Yazhiniyan
11:56,13.013426,80.2360177,87.90599822998047,2.7330000400543213,13,4G,Airtel,Tuesday,17-09-2024,Weekday,Morning,35.49,scattered clouds,Free,blue shed ,0,Slow Walking,0.51,,,,,,,,,,,-110,-20,0,2147483647,3,,-115,,,,,,,,Yazhiniyan
11:56,13.0134274,80.2360315,87.90599822998047,2.7330000400543213,13,4G,Airtel,Tuesday,17-09-2024,Weekday,Morning,35.49,scattered clouds,Free,blue shed ,0,Slow Walking,0.51,,,,,,,,,,,-108,-19,0,2147483647,3,,-115,,,,,,,,Yazhiniyan
11:57,13.0134275,80.2360332,87.90599822998047,2.7330000400543213,13,4G,Airtel,Tuesday,17-09-2024,Weekday,Morning,35.49,scattered clouds,Free,blue shed ,0,Slow Walking,0.51,,,,,,,,,,,-107,-20,0,2147483647,3,,-115,,,,,,,,Yazhiniyan
11:57,13.0134261,80.2360423,87.90599822998047,2.7330000400543213,13,4G,Airtel,Tuesday,17-09-2024,Weekday,Morning,35.49,scattered clouds,Free,blue shed ,0,Slow Walking,0.31,,,,,,,,,,,-108,-19,0,2147483647,3,,-113,,,,,,,,Yazhiniyan
11:57,13.0134157,80.2360489,87.90599822998047,2.7330000400543213,13,4G,Airtel,Tuesday,17-09-2024,Weekday,Morning,35.49,scattered clouds,Free,blue shed ,0,Slow Walking,0.27,,,,,,,,,,,-106,-19,0,2147483647,3,,-113,,,,,,,,Yazhiniyan
11:56,13.0131968,80.2352134,0.22100000083446503,0.026000000536441803,39,4G,Jio,Tuesday,17-09-2024,Weekday,Morning,35.49,scattered clouds,Free,PrintingDeptRoad,0,No movement,0.12,,,,,,,,,,,-113,-16,0,0,40,,,,,,,,,,Hariharan
11:56,13.0131941,80.2352166,0.22100000083446503,0.026000000536441803,39,4G,Jio,Tuesday,17-09-2024,Weekday,Morning,35.49,scattered clouds,Free,PrintingDeptRoad,0,No movement,0.12,,,,,,,,,,,-112,-16,0,0,40,,,,,,,,,,Hariharan
11:56,13.0131941,80.2352166,0.22100000083446503,0.026000000536441803,39,4G,Jio,Tuesday,17-09-2024,Weekday,Morning,35.49,scattered clouds,Free,PrintingDeptRoad,0,No movement,0.08,,,,,,,,,,,-112,-16,0,0,40,,,,,,,,,,Hariharan
11:56,13.0131922,80.2352233,0.22100000083446503,0.026000000536441803,39,4G,Jio,Tuesday,17-09-2024,Weekday,Morning,35.49,scattered clouds,Free,PrintingDeptRoad,0,No movement,0.08,,,,,,,,,,,-113,-17,0,0,40,,,,,,,,,,Hariharan
11:56,13.0131925,80.2352159,0.22100000083446503,0.026000000536441803,39,4G,Jio,Tuesday,17-09-2024,Weekday,Morning,35.49,scattered clouds,Free,PrintingDeptRoad,0,No movement,0.08,,,,,,,,,,,-113,-17,0,0,40,,,,,,,,,,Hariharan
11:57,13.0132042,80.2352038,0.22100000083446503,0.026000000536441803,39,4G,Jio,Tuesday,17-09-2024,Weekday,Morning,35.49,scattered clouds,Free,PrintingDeptRoad,0,Slow Walking,0.23,,,,,,,,,,,-116,-18,0,0,40,,,,,,,,,,Hariharan
11:57,13.013198,80.2352022,0.22100000083446503,0.026000000536441803,39,4G,Jio,Tuesday,17-09-2024,Weekday,Morning,35.49,scattered clouds,Free,PrintingDeptRoad,0,Slow Walking,0.49,,,,,,,,,,,-114,-18,0,0,40,,,,,,,,,,Hariharan
11:57,13.0131941,80.2351843,0.22100000083446503,0.026000000536441803,39,4G,Jio,Tuesday,17-09-2024,Weekday,Morning,35.49,scattered clouds,Free,PrintingDeptRoad,0,Slow Walking,0.49,,,,,,,,,,,-115,-18,0,0,40,,,,,,,,,,Hariharan
11:57,13.0131917,80.2351741,0.22100000083446503,0.026000000536441803,39,4G,Jio,Tuesday,17-09-2024,Weekday,Morning,35.49,scattered clouds,Free,PrintingDeptRoad,0,Walking,0.90,,,,,,,,,,,-119,-20,0,0,40,,,,,,,,,,Hariharan
11:57,13.0132171,80.2351915,0.22100000083446503,0.026000000536441803,39,4G,Jio,Tuesday,17-09-2024,Weekday,Morning,35.49,scattered clouds,Free,PrintingDeptRoad,0,Walking,0.92,,,,,,,,,,,-113,-15,0,0,40,,,,,,,,,,Hariharan
11:57,13.0132171,80.2351915,0.22100000083446503,0.026000000536441803,39,4G,Jio,Tuesday,17-09-2024,Weekday,Morning,35.49,scattered clouds,Free,PrintingDeptRoad,0,Walking,0.92,,,,,,,,,,,-114,-17,0,0,40,,,,,,,,,,Hariharan
11:57,13.0132256,80.2351966,0.22100000083446503,0.026000000536441803,39,4G,Jio,Tuesday,17-09-2024,Weekday,Morning,35.49,scattered clouds,Free,PrintingDeptRoad,0,Walking,0.92,,,,,,,,,,,-118,-19,0,0,40,,,,,,,,,,Hariharan
11:57,13.0132311,80.2351725,0.22100000083446503,0.026000000536441803,39,4G,Jio,Tuesday,17-09-2024,Weekday,Morning,35.49,scattered clouds,Free,PrintingDeptRoad,0,Walking,0.92,,,,,,,,,,,-118,-19,0,0,40,,,,,,,,,,Hariharan
11:57,13.0132145,80.2351623,0.22100000083446503,0.026000000536441803,39,4G,Jio,Tuesday,17-09-2024,Weekday,Morning,35.49,scattered clouds,Free,PrintingDeptRoad,0,Walking,0.88,,,,,,,,,,,-117,-19,0,0,40,,,,,,,,,,Hariharan
11:57,13.013197,80.2351483,0.22100000083446503,0.026000000536441803,39,4G,Jio,Tuesday,17-09-2024,Weekday,Morning,35.49,scattered clouds,Free,PrintingDeptRoad,0,Walking,0.82,,,,,,,,,,,-116,-19,0,0,40,,,,,,,,,,Hariharan
11:57,13.0132087,80.2351552,0.22100000083446503,0.026000000536441803,39,4G,Jio,Tuesday,17-09-2024,Weekday,Morning,35.49,scattered clouds,Free,PrintingDeptRoad,0,Walking,0.82,,,,,,,,,,,-114,-11,2147483647,6,40,,,,,,,,,,Hariharan
11:57,13.0132087,80.2351552,0.22100000083446503,0.026000000536441803,39,4G,Jio,Tuesday,17-09-2024,Weekday,Morning,35.49,scattered clouds,Free,PrintingDeptRoad,0,No movement,0.18,,,,,,,,,,,-114,-11,2147483647,6,40,,,,,,,,,,Hariharan
11:56,13.0128125,80.23573,326.5459899902344,4.9629998207092285,9,4G,Airtel,Tuesday,17-09-2024,Weekday,Morning,35.49,scattered clouds,Free,IT Department ,0,Slow Walking,0.45,,,,,,,,,,,-98,-12,0,2147483647,3,,-104,,,,,,,,Yuvaraj 
11:57,13.0130505,80.2357229,336.7690124511719,6.995999813079834,10,4G,Airtel,Tuesday,17-09-2024,Weekday,Morning,35.49,scattered clouds,Free,IT Department ,0,Walking,1.07,,,,,,,,,,,-102,-16,0,2147483647,3,,-104,,,,,,,,Yuvaraj 
11:57,13.0130889,80.2357266,336.7690124511719,6.995999813079834,10,4G,Airtel,Tuesday,17-09-2024,Weekday,Morning,35.49,scattered clouds,Free,IT Department ,0,Walking,1.01,,,,,,,,,,,-96,-15,0,2147483647,3,,-107,,,,,,,,Yuvaraj 
11:57,13.013106,80.2357202,336.7690124511719,6.995999813079834,10,4G,Airtel,Tuesday,17-09-2024,Weekday,Morning,35.49,scattered clouds,Free,IT Department ,0,Walking,1.01,,,,,,,,,,,-98,-16,0,2147483647,3,,-107,,,,,,,,Yuvaraj 
11:57,13.0131198,80.2357061,336.7690124511719,6.995999813079834,10,4G,Airtel,Tuesday,17-09-2024,Weekday,Morning,35.49,scattered clouds,Free,IT Department ,0,Walking,0.98,,,,,,,,,,,-98,-16,0,2147483647,3,,-107,,,,,,,,Yuvaraj 
11:57,13.0132087,80.2351552,0.0,0.0,33,4G,Jio,Tuesday,17-09-2024,Weekday,Morning,35.49,scattered clouds,Free,PrintingDeptRoad,0,Slow Walking,0.45,,,,,,,,,,,-116,-18,0,0,40,,,,,,,,,,Hariharan
11:58,13.0132049,80.2351673,0.1420000046491623,0.03200000151991844,33,4G,Jio,Tuesday,17-09-2024,Weekday,Morning,35.49,scattered clouds,Free,PrintingDeptRoad,0,No movement,0.17,,,,,,,,,,,-119,-19,0,0,40,,,,,,,,,,Hariharan
11:58,13.0132076,80.2351661,0.1420000046491623,0.03200000151991844,33,4G,Jio,Tuesday,17-09-2024,Weekday,Morning,35.49,scattered clouds,Free,PrintingDeptRoad,0,Slow Walking,0.34,,,,,,,,,,,-118,-19,0,0,40,,,,,,,,,,Hariharan
11:58,13.0132064,80.2351564,0.1420000046491623,0.03200000151991844,33,4G,Jio,Tuesday,17-09-2024,Weekday,Morning,35.49,scattered clouds,Free,PrintingDeptRoad,0,Slow Walking,0.34,,,,,,,,,,,-117,-18,0,0,40,,,,,,,,,,Hariharan
11:58,13.0132064,80.2351564,0.1420000046491623,0.03200000151991844,33,4G,Jio,Tuesday,17-09-2024,Weekday,Morning,35.49,scattered clouds,Free,PrintingDeptRoad,0,Walking,0.73,,,,,,,,,,,-118,-19,0,0,40,,,,,,,,,,Hariharan
11:58,13.0131944,80.2351512,0.1420000046491623,0.03200000151991844,33,4G,Jio,Tuesday,17-09-2024,Weekday,Morning,35.49,scattered clouds,Free,PrintingDeptRoad,0,Walking,0.73,,,,,,,,,,,-118,-19,0,0,40,,,,,,,,,,Hariharan
11:58,13.0132092,80.2351408,0.1420000046491623,0.03200000151991844,33,4G,Jio,Tuesday,17-09-2024,Weekday,Morning,35.49,scattered clouds,Free,PrintingDeptRoad,0,Walking,0.73,,,,,,,,,,,-118,-19,0,0,40,,,,,,,,,,Hariharan
11:58,13.0132252,80.2351447,0.1420000046491623,0.03200000151991844,33,4G,Jio,Tuesday,17-09-2024,Weekday,Morning,35.49,scattered clouds,Free,PrintingDeptRoad,0,Walking,0.84,,,,,,,,,,,-118,-19,0,0,40,,,,,,,,,,Hariharan
11:58,13.0132174,80.235123,0.1420000046491623,0.03200000151991844,33,4G,Jio,Tuesday,17-09-2024,Weekday,Morning,35.49,scattered clouds,Free,PrintingDeptRoad,0,Slow Walking,0.48,,,,,,,,,,,-117,-18,0,0,40,,,,,,,,,,Hariharan
11:58,13.0132242,80.2350965,0.1420000046491623,0.03200000151991844,33,4G,Jio,Tuesday,17-09-2024,Weekday,Morning,35.49,scattered clouds,Free,PrintingDeptRoad,0,Walking,0.90,,,,,,,,,,,-118,-19,0,0,40,,,,,,,,,,Hariharan
11:58,13.0132317,80.2351102,0.1420000046491623,0.03200000151991844,33,4G,Jio,Tuesday,17-09-2024,Weekday,Morning,35.49,scattered clouds,Free,PrintingDeptRoad,0,No movement,0.10,,,,,,,,,,,-118,-19,0,0,40,,,,,,,,,,Hariharan
11:57,13.0131198,80.2357061,264.8689880371094,12.137999534606934,11,5G,Airtel,Tuesday,17-09-2024,Weekday,Morning,35.49,scattered clouds,Free,Printing Department Road,0,Walking,0.89,,,,,,,,,,,-98,-16,0,2147483647,3,,-107,,,,,,,,Yuvaraj 
11:58,13.0131626,80.2352129,264.8689880371094,12.137999534606934,11,4G,Airtel,Tuesday,17-09-2024,Weekday,Morning,35.49,scattered clouds,Free,Printing Department Road,0,Walking,0.86,,,,,,,,,,,-104,-20,0,2147483647,3,,-107,,,,,,,,Yuvaraj 
11:58,13.0132167,80.2351553,264.8689880371094,12.137999534606934,11,4G,Airtel,Tuesday,17-09-2024,Weekday,Morning,35.49,scattered clouds,Free,Printing Department Road,0,Slow Walking,0.59,,,,,,,,,,,-102,-19,0,2147483647,3,,-100,,,,,,,,Yuvaraj 
11:58,13.0132046,80.2351435,264.8689880371094,12.137999534606934,11,4G,Airtel,Tuesday,17-09-2024,Weekday,Morning,35.49,scattered clouds,Free,Printing Department Road,0,Slow Walking,0.59,,,,,,,,,,,-102,-19,0,2147483647,3,,-100,,,,,,,,Yuvaraj 
11:58,13.0132004,80.235148,264.8689880371094,12.137999534606934,11,4G,Airtel,Tuesday,17-09-2024,Weekday,Morning,35.49,scattered clouds,Free,Printing Department Road,0,Slow Walking,0.59,,,,,,,,,,,-102,-19,0,2147483647,3,,-100,,,,,,,,Yuvaraj 
11:59,13.0131969,80.2351695,264.8689880371094,12.137999534606934,11,4G,Airtel,Tuesday,17-09-2024,Weekday,Morning,35.49,scattered clouds,Free,Printing Department Road,0,Slow Walking,0.59,,,,,,,,,,,-103,-20,0,2147483647,3,,-101,,,,,,,,Yuvaraj 
11:59,13.0132156,80.2351902,264.8689880371094,12.137999534606934,11,4G,Airtel,Tuesday,17-09-2024,Weekday,Morning,35.49,scattered clouds,Free,Printing Department Road,0,Slow Walking,0.59,,,,,,,,,,,-103,-20,0,2147483647,3,,-101,,,,,,,,Yuvaraj 
11:59,13.0132256,80.235192,264.8689880371094,12.137999534606934,11,4G,Airtel,Tuesday,17-09-2024,Weekday,Morning,35.49,scattered clouds,Free,Printing Department Road,0,Slow Walking,0.63,,,,,,,,,,,-105,-20,0,2147483647,3,,-101,,,,,,,,Yuvaraj 
11:58,13.0134883,80.2359533,280.8999938964844,5.543000221252441,8,4G,Airtel,Tuesday,17-09-2024,Weekday,Morning,35.49,scattered clouds,Free,blue shed ,0,No movement,0.00,,,,,,,,,,,-105,-16,0,2147483647,3,,-99,,,,,,,,Yazhiniyan
11:58,13.0134883,80.2359533,280.8999938964844,5.543000221252441,8,4G,Airtel,Tuesday,17-09-2024,Weekday,Morning,35.49,scattered clouds,Free,blue shed ,0,No movement,0.00,,,,,,,,,,,-108,-19,0,2147483647,3,,-103,,,,,,,,Yazhiniyan
11:58,13.0134883,80.2359533,280.8999938964844,5.543000221252441,8,4G,Airtel,Tuesday,17-09-2024,Weekday,Morning,35.49,scattered clouds,Free,blue shed ,0,No movement,0.00,,,,,,,,,,,-107,-19,0,2147483647,3,,-103,,,,,,,,Yazhiniyan
11:58,13.0134883,80.2359533,280.8999938964844,5.543000221252441,8,4G,Airtel,Tuesday,17-09-2024,Weekday,Morning,35.49,scattered clouds,Free,blue shed ,0,No movement,0.00,,,,,,,,,,,-109,-17,0,2147483647,3,,-111,,,,,,,,Yazhiniyan
11:58,13.0134883,80.2359533,280.8999938964844,5.543000221252441,8,4G,Airtel,Tuesday,17-09-2024,Weekday,Morning,35.49,scattered clouds,Free,blue shed ,0,No movement,0.00,,,,,,,,,,,-106,-16,0,2147483647,3,,-111,,,,,,,,Yazhiniyan
11:58,13.0134883,80.2359533,280.8999938964844,5.543000221252441,8,4G,Airtel,Tuesday,17-09-2024,Weekday,Morning,35.49,scattered clouds,Free,blue shed ,0,No movement,0.00,,,,,,,,,,,-105,-15,0,2147483647,3,,-109,,,,,,,,Yazhiniyan
11:58,13.0134883,80.2359533,280.8999938964844,5.543000221252441,8,4G,Airtel,Tuesday,17-09-2024,Weekday,Morning,35.49,scattered clouds,Free,blue shed ,0,No movement,0.00,,,,,,,,,,,-106,-17,0,2147483647,3,,-102,,,,,,,,Yazhiniyan
11:58,13.0134883,80.2359533,280.8999938964844,5.543000221252441,8,4G,Airtel,Tuesday,17-09-2024,Weekday,Morning,35.49,scattered clouds,Free,blue shed ,0,No movement,0.00,,,,,,,,,,,-106,-15,0,2147483647,3,,-102,,,,,,,,Yazhiniyan
11:58,13.0134883,80.2359533,280.8999938964844,5.543000221252441,8,4G,Airtel,Tuesday,17-09-2024,Weekday,Morning,35.49,scattered clouds,Free,blue shed ,0,No movement,0.00,,,,,,,,,,,-107,-16,0,2147483647,3,,-102,,,,,,,,Yazhiniyan
11:58,13.0134883,80.2359533,280.8999938964844,5.543000221252441,8,4G,Airtel,Tuesday,17-09-2024,Weekday,Morning,35.49,scattered clouds,Free,blue shed ,0,No movement,0.00,,,,,,,,,,,-106,-16,0,2147483647,3,,-102,,,,,,,,Yazhiniyan
11:58,13.0134883,80.2359533,280.8999938964844,5.543000221252441,8,4G,Airtel,Tuesday,17-09-2024,Weekday,Morning,35.49,scattered clouds,Free,blue shed ,0,No movement,0.00,,,,,,,,,,,-107,-16,0,2147483647,3,,-102,,,,,,,,Yazhiniyan
11:58,13.0134883,80.2359533,280.8999938964844,5.543000221252441,8,4G,Airtel,Tuesday,17-09-2024,Weekday,Morning,35.49,scattered clouds,Free,blue shed ,0,No movement,0.00,,,,,,,,,,,-105,-15,0,2147483647,3,,-102,,,,,,,,Yazhiniyan
11:58,13.0134883,80.2359533,280.8999938964844,5.543000221252441,8,4G,Airtel,Tuesday,17-09-2024,Weekday,Morning,35.49,scattered clouds,Free,blue shed ,0,No movement,0.00,,,,,,,,,,,-105,-18,0,2147483647,3,,-102,,,,,,,,Yazhiniyan
11:59,13.0134905,80.2359532,280.8999938964844,5.543000221252441,8,4G,Airtel,Tuesday,17-09-2024,Weekday,Morning,35.49,scattered clouds,Free,blue shed ,0,Slow Walking,0.36,,,,,,,,,,,-107,-16,0,2147483647,3,,-113,,,,,,,,Yazhiniyan
11:59,13.0134924,80.2359519,280.8999938964844,5.543000221252441,8,4G,Airtel,Tuesday,17-09-2024,Weekday,Morning,35.49,scattered clouds,Free,blue shed ,0,Slow Walking,0.36,,,,,,,,,,,-104,-14,0,2147483647,3,,-113,,,,,,,,Yazhiniyan
11:59,13.0135022,80.2360372,280.8999938964844,5.543000221252441,8,4G,Airtel,Tuesday,17-09-2024,Weekday,Morning,35.49,scattered clouds,Free,blue shed ,0,Slow Walking,0.40,,,,,,,,,,,-108,-19,0,2147483647,3,,-116,,,,,,,,Yazhiniyan
11:59,13.0135049,80.2360432,280.8999938964844,5.543000221252441,8,4G,Airtel,Tuesday,17-09-2024,Weekday,Morning,35.49,scattered clouds,Free,blue shed ,0,Slow Walking,0.40,,,,,,,,,,,-109,-20,0,2147483647,3,,-116,,,,,,,,Yazhiniyan
11:59,13.0135084,80.236047,280.8999938964844,5.543000221252441,8,4G,Airtel,Tuesday,17-09-2024,Weekday,Morning,35.49,scattered clouds,Free,blue shed ,0,Slow Walking,0.27,,,,,,,,,,,-101,-13,0,2147483647,3,,-116,,,,,,,,Yazhiniyan
11:59,13.0132352,80.2351983,264.8689880371094,12.137999534606934,11,4G,Airtel,Tuesday,17-09-2024,Weekday,Morning,35.49,scattered clouds,Free,Printing Department Road,0,Slow Walking,0.63,,,,,,,,,,,-105,-20,0,2147483647,3,,-101,,,,,,,,Yuvaraj 
11:59,13.0132509,80.235201,264.8689880371094,12.137999534606934,11,4G,Airtel,Tuesday,17-09-2024,Weekday,Morning,35.49,scattered clouds,Free,Printing Department Road,0,Walking,0.72,,,,,,,,,,,-105,-20,0,2147483647,3,,-101,,,,,,,,Yuvaraj 
11:59,13.0132677,80.2352091,264.8689880371094,12.137999534606934,11,4G,Airtel,Tuesday,17-09-2024,Weekday,Morning,35.49,scattered clouds,Free,Printing Department Road,0,Walking,0.72,,,,,,,,,,,-105,-20,0,2147483647,3,,-101,,,,,,,,Yuvaraj 
11:59,13.0132709,80.2351973,264.8689880371094,12.137999534606934,11,4G,Airtel,Tuesday,17-09-2024,Weekday,Morning,35.49,scattered clouds,Free,Printing Department Road,0,Walking,0.72,,,,,,,,,,,-105,-20,0,2147483647,3,,-101,,,,,,,,Yuvaraj 
11:59,13.0132707,80.2351848,264.8689880371094,12.137999534606934,11,4G,Airtel,Tuesday,17-09-2024,Weekday,Morning,35.49,scattered clouds,Free,Printing Department Road,0,Slow Walking,0.48,,,,,,,,,,,-106,-20,0,2147483647,3,,-101,,,,,,,,Yuvaraj 
11:59,13.0132603,80.2351801,264.8689880371094,12.137999534606934,11,4G,Airtel,Tuesday,17-09-2024,Weekday,Morning,35.49,scattered clouds,Free,Printing Department Road,0,Slow Walking,0.48,,,,,,,,,,,-106,-20,0,2147483647,3,,-101,,,,,,,,Yuvaraj 
11:59,13.0132558,80.235174,264.8689880371094,12.137999534606934,11,4G,Airtel,Tuesday,17-09-2024,Weekday,Morning,35.49,scattered clouds,Free,Printing Department Road,0,Slow Walking,0.68,,,,,,,,,,,-106,-20,0,2147483647,3,,-101,,,,,,,,Yuvaraj 
11:59,13.0132383,80.2351652,264.8689880371094,12.137999534606934,11,4G,Airtel,Tuesday,17-09-2024,Weekday,Morning,35.49,scattered clouds,Free,Printing Department Road,0,Slow Walking,0.56,,,,,,,,,,,-103,-19,0,2147483647,3,,-104,,,,,,,,Yuvaraj 
11:59,13.0132403,80.2351786,264.8689880371094,12.137999534606934,11,4G,Airtel,Tuesday,17-09-2024,Weekday,Morning,35.49,scattered clouds,Free,Printing Department Road,0,Slow Walking,0.56,,,,,,,,,,,-103,-19,0,2147483647,3,,-104,,,,,,,,Yuvaraj 
11:59,13.0132407,80.2351848,264.8689880371094,12.137999534606934,11,4G,Airtel,Tuesday,17-09-2024,Weekday,Morning,35.49,scattered clouds,Free,Printing Department Road,0,Slow Walking,0.24,,,,,,,,,,,-103,-19,0,2147483647,3,,-104,,,,,,,,Yuvaraj 
11:59,13.0132398,80.2351889,264.8689880371094,12.137999534606934,11,4G,Airtel,Tuesday,17-09-2024,Weekday,Morning,35.49,scattered clouds,Free,Printing Department Road,0,Slow Walking,0.24,,,,,,,,,,,-105,-19,0,2147483647,3,,-104,,,,,,,,Yuvaraj 
11:59,13.0132159,80.2351705,264.8689880371094,12.137999534606934,11,4G,Airtel,Tuesday,17-09-2024,Weekday,Morning,35.49,scattered clouds,Free,Printing Department Road,0,No movement,0.13,,,,,,,,,,,-105,-19,0,2147483647,3,,-104,,,,,,,,Yuvaraj 
11:59,13.013214,80.2351507,264.8689880371094,12.137999534606934,11,4G,Airtel,Tuesday,17-09-2024,Weekday,Morning,35.49,scattered clouds,Free,Printing Department Road,0,No movement,0.19,,,,,,,,,,,-105,-18,0,2147483647,3,,-112,,,,,,,,Yuvaraj 
11:59,13.0132023,80.2351485,264.8689880371094,12.137999534606934,11,4G,Airtel,Tuesday,17-09-2024,Weekday,Morning,35.49,scattered clouds,Free,Printing Department Road,0,Slow Walking,0.21,,,,,,,,,,,-105,-18,0,2147483647,3,,-112,,,,,,,,Yuvaraj 
11:59,13.0132017,80.2351468,264.8689880371094,12.137999534606934,11,4G,Airtel,Tuesday,17-09-2024,Weekday,Morning,35.49,scattered clouds,Free,Printing Department Road,0,Slow Walking,0.21,,,,,,,,,,,-98,-13,0,2147483647,3,,-112,,,,,,,,Yuvaraj 
11:59,13.0131949,80.2351458,264.8689880371094,12.137999534606934,11,4G,Airtel,Tuesday,17-09-2024,Weekday,Morning,35.49,scattered clouds,Free,Printing Department Road,0,Slow Walking,0.21,,,,,,,,,,,-98,-13,0,2147483647,3,,-112,,,,,,,,Yuvaraj 
11:59,13.0132007,80.2351446,264.8689880371094,12.137999534606934,11,4G,Airtel,Tuesday,17-09-2024,Weekday,Morning,35.49,scattered clouds,Free,Printing Department Road,0,Slow Walking,0.36,,,,,,,,,,,-98,-13,0,2147483647,3,,-112,,,,,,,,Yuvaraj 
11:59,13.0132111,80.2351446,264.8689880371094,12.137999534606934,11,4G,Airtel,Tuesday,17-09-2024,Weekday,Morning,35.49,scattered clouds,Free,Printing Department Road,0,Slow Walking,0.36,,,,,,,,,,,-103,-18,0,2147483647,3,,-112,,,,,,,,Yuvaraj 
11:59,13.0132014,80.2351381,264.8689880371094,12.137999534606934,11,4G,Airtel,Tuesday,17-09-2024,Weekday,Morning,35.49,scattered clouds,Free,Printing Department Road,0,Slow Walking,0.36,,,,,,,,,,,-103,-18,0,2147483647,3,,-112,,,,,,,,Yuvaraj 
11:59,13.0132199,80.2351348,0.10100000351667404,0.01899999938905239,38,4G,Jio,Tuesday,17-09-2024,Weekday,Morning,35.49,scattered clouds,Free,PrintingDeptRoad,0,No movement,0.15,,,,,,,,,,,-122,-22,0,0,40,,,,,,,,,,Hariharan
12:00,13.013223,80.2351372,0.10100000351667404,0.01899999938905239,38,4G,Jio,Tuesday,17-09-2024,Weekday,Afternoon,35.49,scattered clouds,Free,PrintingDeptRoad,0,No movement,0.15,,,,,,,,,,,-122,-22,0,0,40,,,,,,,,,,Hariharan
12:00,13.0132315,80.2351447,0.10100000351667404,0.01899999938905239,38,4G,Jio,Tuesday,17-09-2024,Weekday,Afternoon,35.49,scattered clouds,Free,PrintingDeptRoad,0,Slow Walking,0.56,,,,,,,,,,,-122,-22,0,0,40,,,,,,,,,,Hariharan
12:00,13.0132432,80.2351477,0.10100000351667404,0.01899999938905239,38,4G,Jio,Tuesday,17-09-2024,Weekday,Afternoon,35.49,scattered clouds,Free,PrintingDeptRoad,0,Slow Walking,0.56,,,,,,,,,,,-118,-16,0,0,40,,,,,,,,,,Hariharan
12:00,13.0132361,80.2351313,0.10100000351667404,0.01899999938905239,38,4G,Jio,Tuesday,17-09-2024,Weekday,Afternoon,35.49,scattered clouds,Free,PrintingDeptRoad,0,Slow Walking,0.59,,,,,,,,,,,-118,-16,0,0,40,,,,,,,,,,Hariharan
12:00,13.0132361,80.2351313,0.10100000351667404,0.01899999938905239,38,4G,Jio,Tuesday,17-09-2024,Weekday,Afternoon,35.49,scattered clouds,Free,PrintingDeptRoad,0,Slow Walking,0.59,,,,,,,,,,,-120,-20,0,0,40,,,,,,,,,,Hariharan
12:00,13.0132265,80.2351178,0.10100000351667404,0.01899999938905239,38,4G,Jio,Tuesday,17-09-2024,Weekday,Afternoon,35.49,scattered clouds,Free,PrintingDeptRoad,0,Slow Walking,0.61,,,,,,,,,,,-120,-20,0,0,40,,,,,,,,,,Hariharan
12:00,13.0132396,80.2351174,0.10100000351667404,0.01899999938905239,38,4G,Jio,Tuesday,17-09-2024,Weekday,Afternoon,35.49,scattered clouds,Free,PrintingDeptRoad,0,Slow Walking,0.61,,,,,,,,,,,-123,-21,0,0,40,,,,,,,,,,Hariharan
12:00,13.0132709,80.2351022,0.10100000351667404,0.01899999938905239,38,4G,Jio,Tuesday,17-09-2024,Weekday,Afternoon,35.49,scattered clouds,Free,PrintingDeptRoad,0,Walking,0.90,,,,,,,,,,,-120,-22,0,0,40,,,,,,,,,,Hariharan
12:00,13.0132497,80.2351038,0.10100000351667404,0.01899999938905239,38,4G,Jio,Tuesday,17-09-2024,Weekday,Afternoon,35.49,scattered clouds,Free,PrintingDeptRoad,0,Walking,0.84,,,,,,,,,,,-116,-17,0,0,40,,,,,,,,,,Hariharan
12:00,13.013232,80.235096,0.10100000351667404,0.01899999938905239,38,4G,Jio,Tuesday,17-09-2024,Weekday,Afternoon,35.49,scattered clouds,Free,PrintingDeptRoad,0,Walking,0.84,,,,,,,,,,,-117,-17,0,0,40,,,,,,,,,,Hariharan
12:00,13.0132272,80.2350853,0.10100000351667404,0.01899999938905239,38,4G,Jio,Tuesday,17-09-2024,Weekday,Afternoon,35.49,scattered clouds,Free,PrintingDeptRoad,0,Walking,0.93,,,,,,,,,,,-117,-17,0,0,40,,,,,,,,,,Hariharan
12:00,13.0132382,80.235078,0.10100000351667404,0.01899999938905239,38,4G,Jio,Tuesday,17-09-2024,Weekday,Afternoon,35.49,scattered clouds,Free,PrintingDeptRoad,0,Walking,0.93,,,,,,,,,,,-117,-17,0,0,40,,,,,,,,,,Hariharan
12:00,13.0131965,80.2351373,318.8559875488281,7.5289998054504395,11,5G,Airtel,Tuesday,17-09-2024,Weekday,Afternoon,35.49,scattered clouds,Free,Printing Department Road,0,Slow Walking,0.66,,,,,,,,,,,-103,-18,0,2147483647,3,,-105,,,,,,,,Yuvaraj 
12:00,13.0131822,80.2351784,318.8559875488281,7.5289998054504395,11,4G,Airtel,Tuesday,17-09-2024,Weekday,Afternoon,35.49,scattered clouds,Free,Printing Department Road,0,Slow Walking,0.45,,,,,,,,,,,-103,-20,0,2147483647,3,,-101,,,,,,,,Yuvaraj 
12:00,13.0131746,80.2351847,318.8559875488281,7.5289998054504395,11,4G,Airtel,Tuesday,17-09-2024,Weekday,Afternoon,35.49,scattered clouds,Free,Printing Department Road,0,Slow Walking,0.28,,,,,,,,,,,-103,-20,0,2147483647,3,,-101,,,,,,,,Yuvaraj 
12:00,13.01318,80.2351735,318.8559875488281,7.5289998054504395,11,4G,Airtel,Tuesday,17-09-2024,Weekday,Afternoon,35.49,scattered clouds,Free,Printing Department Road,0,Slow Walking,0.28,,,,,,,,,,,-103,-20,0,2147483647,3,,-101,,,,,,,,Yuvaraj 
12:00,13.0131812,80.2351862,318.8559875488281,7.5289998054504395,11,4G,Airtel,Tuesday,17-09-2024,Weekday,Afternoon,35.49,scattered clouds,Free,Printing Department Road,0,Slow Walking,0.28,,,,,,,,,,,-101,-18,0,2147483647,3,,-101,,,,,,,,Yuvaraj 
12:00,13.0131785,80.2351797,318.8559875488281,7.5289998054504395,11,4G,Airtel,Tuesday,17-09-2024,Weekday,Afternoon,35.49,scattered clouds,Free,Printing Department Road,0,Slow Walking,0.39,,,,,,,,,,,-101,-18,0,2147483647,3,,-101,,,,,,,,Yuvaraj 
12:00,13.0131964,80.2351516,318.8559875488281,7.5289998054504395,11,4G,Airtel,Tuesday,17-09-2024,Weekday,Afternoon,35.49,scattered clouds,Free,Printing Department Road,0,Slow Walking,0.46,,,,,,,,,,,-105,-20,0,2147483647,3,,-102,,,,,,,,Yuvaraj 
12:01,13.0132012,80.235165,318.8559875488281,7.5289998054504395,11,4G,Airtel,Tuesday,17-09-2024,Weekday,Afternoon,35.49,scattered clouds,Free,Printing Department Road,0,Slow Walking,0.61,,,,,,,,,,,-105,-20,0,2147483647,3,,-102,,,,,,,,Yuvaraj 
12:01,13.0132021,80.235167,318.8559875488281,7.5289998054504395,11,4G,Airtel,Tuesday,17-09-2024,Weekday,Afternoon,35.49,scattered clouds,Free,Printing Department Road,0,Slow Walking,0.61,,,,,,,,,,,-105,-20,0,2147483647,3,,-102,,,,,,,,Yuvaraj 
12:01,13.013199,80.2351721,318.8559875488281,7.5289998054504395,11,4G,Airtel,Tuesday,17-09-2024,Weekday,Afternoon,35.49,scattered clouds,Free,Printing Department Road,0,Walking,0.73,,,,,,,,,,,-105,-20,0,2147483647,3,,-102,,,,,,,,Yuvaraj 
12:01,13.0131863,80.235187,318.8559875488281,7.5289998054504395,11,4G,Airtel,Tuesday,17-09-2024,Weekday,Afternoon,35.49,scattered clouds,Free,Printing Department Road,0,Walking,0.73,,,,,,,,,,,-105,-20,0,2147483647,3,,-102,,,,,,,,Yuvaraj 
12:01,13.013189,80.2351644,318.8559875488281,7.5289998054504395,11,4G,Airtel,Tuesday,17-09-2024,Weekday,Afternoon,35.49,scattered clouds,Free,Printing Department Road,0,Walking,0.73,,,,,,,,,,,-97,-14,0,2147483647,3,,-102,,,,,,,,Yuvaraj 
12:01,13.013189,80.2351644,318.8559875488281,7.5289998054504395,11,4G,Airtel,Tuesday,17-09-2024,Weekday,Afternoon,35.49,scattered clouds,Free,Printing Department Road,0,Slow Walking,0.20,,,,,,,,,,,-97,-14,0,2147483647,3,,-102,,,,,,,,Yuvaraj 
12:01,13.0131851,80.2351662,318.8559875488281,7.5289998054504395,11,4G,Airtel,Tuesday,17-09-2024,Weekday,Afternoon,35.49,scattered clouds,Free,Printing Department Road,0,Slow Walking,0.20,,,,,,,,,,,-97,-14,0,2147483647,3,,-102,,,,,,,,Yuvaraj 
12:01,13.0134583,80.2361,16.56399917602539,0.14300000667572021,20,4G,Airtel,Tuesday,17-09-2024,Weekday,Afternoon,35.49,scattered clouds,Moderate,blue shed ,0,No movement,0.00,,,,,,,,,,,-113,-19,0,2147483647,3,,,,,,,,,,Yazhiniyan 
12:01,13.0134767,80.2360983,16.56399917602539,0.14300000667572021,20,4G,Airtel,Tuesday,17-09-2024,Weekday,Afternoon,35.49,scattered clouds,Moderate,blue shed ,0,No movement,0.00,,,,,,,,,,,-109,-20,0,2147483647,3,,,,,,,,,,Yazhiniyan 
12:01,13.0134767,80.2360983,16.56399917602539,0.14300000667572021,20,4G,Airtel,Tuesday,17-09-2024,Weekday,Afternoon,35.49,scattered clouds,Moderate,blue shed ,0,No movement,0.00,,,,,,,,,,,-108,-19,0,2147483647,3,,,,,,,,,,Yazhiniyan 
12:01,13.013475,80.2361091,16.56399917602539,0.14300000667572021,20,4G,Airtel,Tuesday,17-09-2024,Weekday,Afternoon,35.49,scattered clouds,Moderate,blue shed ,0,Running,1.55,,,,,,,,,,,-105,-18,0,2147483647,3,,,,,,,,,,Yazhiniyan 
12:01,13.013475,80.2361091,16.56399917602539,0.14300000667572021,20,4G,Airtel,Tuesday,17-09-2024,Weekday,Afternoon,35.49,scattered clouds,Moderate,blue shed ,0,Running,1.55,,,,,,,,,,,-106,-19,0,2147483647,3,,,,,,,,,,Yazhiniyan 
12:01,13.013475,80.2361091,16.56399917602539,0.14300000667572021,20,4G,Airtel,Tuesday,17-09-2024,Weekday,Afternoon,35.49,scattered clouds,Moderate,blue shed ,0,No movement,0.08,,,,,,,,,,,-106,-19,0,2147483647,3,,,,,,,,,,Yazhiniyan 
12:01,13.0134185,80.2361314,16.56399917602539,0.14300000667572021,20,4G,Airtel,Tuesday,17-09-2024,Weekday,Afternoon,35.49,scattered clouds,Moderate,blue shed ,0,No movement,0.08,,,,,,,,,,,-105,-19,0,2147483647,3,,,,,,,,,,Yazhiniyan 
12:01,13.0134133,80.2361333,16.56399917602539,0.14300000667572021,20,4G,Airtel,Tuesday,17-09-2024,Weekday,Afternoon,35.49,scattered clouds,Moderate,blue shed ,0,No movement,0.10,,,,,,,,,,,-106,-19,0,2147483647,3,,,,,,,,,,Yazhiniyan 
12:01,13.0134133,80.2361333,16.56399917602539,0.14300000667572021,20,4G,Airtel,Tuesday,17-09-2024,Weekday,Afternoon,35.49,scattered clouds,Moderate,blue shed ,0,No movement,0.10,,,,,,,,,,,-107,-20,0,2147483647,3,,,,,,,,,,Yazhiniyan 
12:01,13.0134133,80.2361333,16.56399917602539,0.14300000667572021,20,4G,Airtel,Tuesday,17-09-2024,Weekday,Afternoon,35.49,scattered clouds,Moderate,blue shed ,0,No movement,0.06,,,,,,,,,,,-105,-18,0,2147483647,3,,,,,,,,,,Yazhiniyan 
12:01,13.0134266,80.23613,16.56399917602539,0.14300000667572021,20,4G,Airtel,Tuesday,17-09-2024,Weekday,Afternoon,35.49,scattered clouds,Moderate,blue shed ,0,No movement,0.06,,,,,,,,,,,-105,-18,0,2147483647,3,,,,,,,,,,Yazhiniyan 
12:01,13.0134266,80.23613,16.56399917602539,0.14300000667572021,20,4G,Airtel,Tuesday,17-09-2024,Weekday,Afternoon,35.49,scattered clouds,Moderate,blue shed ,0,No movement,0.06,,,,,,,,,,,-105,-19,0,2147483647,3,,,,,,,,,,Yazhiniyan 
12:01,13.0134367,80.2361283,16.56399917602539,0.14300000667572021,20,4G,Airtel,Tuesday,17-09-2024,Weekday,Afternoon,35.49,scattered clouds,Moderate,blue shed ,0,No movement,0.08,,,,,,,,,,,-105,-15,0,2147483647,3,,-116,,,,,,,,Yazhiniyan 
12:01,13.0134367,80.2361283,16.56399917602539,0.14300000667572021,20,4G,Airtel,Tuesday,17-09-2024,Weekday,Afternoon,35.49,scattered clouds,Moderate,blue shed ,0,Slow Walking,0.26,,,,,,,,,,,-105,-15,0,2147483647,3,,-116,,,,,,,,Yazhiniyan 
12:01,13.0134624,80.2361001,16.56399917602539,0.14300000667572021,20,4G,Airtel,Tuesday,17-09-2024,Weekday,Afternoon,35.49,scattered clouds,Moderate,blue shed ,0,Slow Walking,0.26,,,,,,,,,,,-109,-17,0,2147483647,3,,-44,,,,,,,,Yazhiniyan 
12:01,13.013461,80.2360956,16.56399917602539,0.14300000667572021,20,4G,Airtel,Tuesday,17-09-2024,Weekday,Afternoon,35.49,scattered clouds,Moderate,blue shed ,0,Slow Walking,0.40,,,,,,,,,,,-107,-18,0,2147483647,3,,-44,,,,,,,,Yazhiniyan 
12:01,13.0134549,80.2360869,16.56399917602539,0.14300000667572021,20,4G,Airtel,Tuesday,17-09-2024,Weekday,Afternoon,35.49,scattered clouds,Moderate,blue shed ,0,Slow Walking,0.40,,,,,,,,,,,-109,-18,0,2147483647,3,,-44,,,,,,,,Yazhiniyan 
12:01,13.0134549,80.2360869,16.56399917602539,0.14300000667572021,20,4G,Airtel,Tuesday,17-09-2024,Weekday,Afternoon,35.49,scattered clouds,Moderate,blue shed ,0,No movement,0.06,,,,,,,,,,,-109,-18,0,2147483647,3,,-44,,,,,,,,Yazhiniyan 
12:01,13.0134501,80.2360882,16.56399917602539,0.14300000667572021,20,4G,Airtel,Tuesday,17-09-2024,Weekday,Afternoon,35.49,scattered clouds,Moderate,blue shed ,0,No movement,0.06,,,,,,,,,,,-110,-20,0,2147483647,3,,-110,,,,,,,,Yazhiniyan 
12:01,13.0134456,80.2360917,16.56399917602539,0.14300000667572021,20,4G,Airtel,Tuesday,17-09-2024,Weekday,Afternoon,35.49,scattered clouds,Moderate,blue shed ,0,No movement,0.07,,,,,,,,,,,-110,-20,0,2147483647,3,,-110,,,,,,,,Yazhiniyan 
12:01,13.0131847,80.2351685,0.0,0.0,0,4G,Airtel,Tuesday,17-09-2024,Weekday,Afternoon,35.49,scattered clouds,Free,Printing Department Road,0,Slow Walking,0.42,,,,,,,,,,,-101,-20,0,2147483647,3,,-102,,,,,,,,Yuvaraj 
12:01,13.0131789,80.2351895,0.0,0.0,9,4G,Airtel,Tuesday,17-09-2024,Weekday,Afternoon,35.49,scattered clouds,Free,Printing Department Road,0,Slow Walking,0.42,,,,,,,,,,,-100,-20,0,2147483647,3,,-102,,,,,,,,Yuvaraj 
12:01,13.013207,80.2352411,0.0,0.0,9,4G,Airtel,Tuesday,17-09-2024,Weekday,Afternoon,35.49,scattered clouds,Free,Printing Department Road,0,Slow Walking,0.67,,,,,,,,,,,-103,-20,0,2147483647,3,,-102,,,,,,,,Yuvaraj 
12:01,13.0132262,80.2352338,0.0,0.0,9,4G,Airtel,Tuesday,17-09-2024,Weekday,Afternoon,35.49,scattered clouds,Free,Printing Department Road,0,Slow Walking,0.67,,,,,,,,,,,-103,-19,0,2147483647,3,,-102,,,,,,,,Yuvaraj 
12:01,13.0132584,80.2352153,0.0,0.0,9,4G,Airtel,Tuesday,17-09-2024,Weekday,Afternoon,35.49,scattered clouds,Free,Printing Department Road,0,Walking,0.86,,,,,,,,,,,-103,-19,0,2147483647,3,,-102,,,,,,,,Yuvaraj 
12:01,13.0132597,80.2351978,294.181,0.0,9,4G,Airtel,Tuesday,17-09-2024,Weekday,Afternoon,35.49,scattered clouds,Free,Printing Department Road,0,Slow Walking,0.59,,,,,,,,,,,-106,-19,0,2147483647,3,,-103,,,,,,,,Yuvaraj 
12:01,13.0132612,80.2351867,294.181,0.0,9,4G,Airtel,Tuesday,17-09-2024,Weekday,Afternoon,35.49,scattered clouds,Free,Printing Department Road,0,Slow Walking,0.26,,,,,,,,,,,-107,-20,0,2147483647,3,,-103,,,,,,,,Yuvaraj 
12:01,13.0132612,80.2351867,294.181,0.0,9,4G,Airtel,Tuesday,17-09-2024,Weekday,Afternoon,35.49,scattered clouds,Free,Printing Department Road,0,Slow Walking,0.26,,,,,,,,,,,-106,-20,0,2147483647,3,,-103,,,,,,,,Yuvaraj 
12:01,13.0132619,80.2351843,294.181,0.0,9,4G,Airtel,Tuesday,17-09-2024,Weekday,Afternoon,35.49,scattered clouds,Free,Printing Department Road,0,Slow Walking,0.26,,,,,,,,,,,-103,-18,0,2147483647,3,,-103,,,,,,,,Yuvaraj 
12:01,13.0132567,80.2351849,294.181,0.0,9,4G,Airtel,Tuesday,17-09-2024,Weekday,Afternoon,35.49,scattered clouds,Free,Printing Department Road,0,No movement,0.12,,,,,,,,,,,-105,-20,0,2147483647,3,,-104,,,,,,,,Yuvaraj 
12:01,13.0132515,80.2351892,294.1809997558594,5.547999858856201,9,4G,Airtel,Tuesday,17-09-2024,Weekday,Afternoon,35.49,scattered clouds,Free,Printing Department Road,0,No movement,0.12,,,,,,,,,,,-105,-20,0,2147483647,3,,-104,,,,,,,,Yuvaraj 
12:01,13.0132419,80.2351812,0.0,0.0,0,4G,Airtel,Tuesday,17-09-2024,Weekday,Afternoon,35.73,scattered clouds,Free,Printing Department Road,0,Walking,0.81,,,,,,,,,,,-107,-20,0,2147483647,3,,-44,,,,,,,,Yuvaraj 
12:01,13.0132575,80.2351648,0.0,0.0,0,4G,Airtel,Tuesday,17-09-2024,Weekday,Afternoon,35.73,scattered clouds,Free,Printing Department Road,0,Walking,0.81,,,,,,,,,,,-107,-20,0,2147483647,3,,-44,,,,,,,,Yuvaraj 
12:01,13.0132408,80.235155,0.0,0.0,9,4G,Airtel,Tuesday,17-09-2024,Weekday,Afternoon,35.73,scattered clouds,Free,Printing Department Road,0,Walking,0.90,,,,,,,,,,,-106,-18,0,2147483647,3,,-44,,,,,,,,Yuvaraj 
12:02,13.0132254,80.2351207,0.0,0.0,9,4G,Airtel,Tuesday,17-09-2024,Weekday,Afternoon,35.73,scattered clouds,Free,Printing Department Road,0,Walking,0.78,,,,,,,,,,,-108,-17,0,2147483647,3,,-108,,,,,,,,Yuvaraj 
12:02,13.0132107,80.2351129,0.0,0.0,9,4G,Airtel,Tuesday,17-09-2024,Weekday,Afternoon,35.73,scattered clouds,Free,Printing Department Road,0,Slow Walking,0.52,,,,,,,,,,,-102,-15,0,2147483647,3,,-108,,,,,,,,Yuvaraj 
12:02,13.0132104,80.2351073,305.911,0.0,9,4G,Airtel,Tuesday,17-09-2024,Weekday,Afternoon,35.73,scattered clouds,Free,Printing Department Road,0,Slow Walking,0.52,,,,,,,,,,,-105,-17,0,2147483647,3,,-102,,,,,,,,Yuvaraj 
12:02,13.0132104,80.2351073,305.911,0.0,9,4G,Airtel,Tuesday,17-09-2024,Weekday,Afternoon,35.73,scattered clouds,Free,Printing Department Road,0,Slow Walking,0.52,,,,,,,,,,,-107,-19,0,2147483647,3,,-102,,,,,,,,Yuvaraj 
12:02,13.0131801,80.2350961,305.911,0.0,9,4G,Airtel,Tuesday,17-09-2024,Weekday,Afternoon,35.73,scattered clouds,Free,Printing Department Road,0,No movement,0.02,,,,,,,,,,,-104,-16,0,2147483647,3,,-106,,,,,,,,Yuvaraj 
12:02,13.0131801,80.2350961,305.911,0.0,9,4G,Airtel,Tuesday,17-09-2024,Weekday,Afternoon,35.73,scattered clouds,Free,Printing Department Road,0,No movement,0.03,,,,,,,,,,,-107,-19,0,2147483647,3,,-106,,,,,,,,Yuvaraj 
12:02,13.0131614,80.2350801,305.9110107421875,7.947999954223633,9,4G,Airtel,Tuesday,17-09-2024,Weekday,Afternoon,35.73,scattered clouds,Free,Printing Department Road,0,No movement,0.03,,,,,,,,,,,-107,-19,0,2147483647,3,,-106,,,,,,,,Yuvaraj 
12:02,13.013158,80.2350784,305.9110107421875,7.947999954223633,9,4G,Airtel,Tuesday,17-09-2024,Weekday,Afternoon,35.73,scattered clouds,Free,Printing Department Road,0,No movement,0.03,,,,,,,,,,,-102,-15,0,2147483647,3,,-106,,,,,,,,Yuvaraj 
12:02,13.0131565,80.2350765,305.9110107421875,7.947999954223633,9,4G,Airtel,Tuesday,17-09-2024,Weekday,Afternoon,35.73,scattered clouds,Free,Printing Department Road,0,No movement,0.11,,,,,,,,,,,-102,-15,0,2147483647,3,,-106,,,,,,,,Yuvaraj 
12:02,13.0131535,80.2350712,305.9110107421875,7.947999954223633,9,4G,Airtel,Tuesday,17-09-2024,Weekday,Afternoon,35.73,scattered clouds,Free,Printing Department Road,0,No movement,0.11,,,,,,,,,,,-104,-16,0,2147483647,3,,-106,,,,,,,,Yuvaraj 
12:02,13.0131525,80.2350698,305.9110107421875,7.947999954223633,9,4G,Airtel,Tuesday,17-09-2024,Weekday,Afternoon,35.73,scattered clouds,Free,Printing Department Road,0,No movement,0.14,,,,,,,,,,,-104,-16,0,2147483647,3,,-106,,,,,,,,Yuvaraj 
12:02,13.0131495,80.2350657,305.9110107421875,7.947999954223633,9,4G,Airtel,Tuesday,17-09-2024,Weekday,Afternoon,35.73,scattered clouds,Free,Printing Department Road,0,No movement,0.14,,,,,,,,,,,-104,-16,0,2147483647,3,,-106,,,,,,,,Yuvaraj 
12:02,13.0131475,80.2350641,305.9110107421875,7.947999954223633,9,4G,Airtel,Tuesday,17-09-2024,Weekday,Afternoon,35.73,scattered clouds,Free,Printing Department Road,0,No movement,0.14,,,,,,,,,,,-99,-13,0,2147483647,3,,-106,,,,,,,,Yuvaraj 
12:08,13.011831,80.2388597,0.0,0.0,0,4G,Airtel,Tuesday,17-09-2024,Weekday,Afternoon,35.73,scattered clouds,Free,Vivek Audi,0,Not Detected,0.0,,,,,,,,,,,-89,-14,0,2147483647,1,,,,,,,,,,Yuvaraj
12:09,13.0114295,80.2363793,308.77099609375,3.4519999027252197,8,4G,Airtel,Tuesday,17-09-2024,Weekday,Afternoon,35.73,scattered clouds,Free,Vivek Audi,0,No movement,0.08,,,,,,,,,,,-93,-14,0,2147483647,1,,,,,,,,,,Yuvaraj
12:09,13.01143,80.2363781,308.77099609375,3.4519999027252197,8,4G,Airtel,Tuesday,17-09-2024,Weekday,Afternoon,35.73,scattered clouds,Free,Vivek Audi,0,No movement,0.07,,,,,,,,,,,-93,-13,0,2147483647,1,,-108,,,,,,,,Yuvaraj
12:09,13.0114252,80.2363739,308.77099609375,3.4519999027252197,8,4G,Airtel,Tuesday,17-09-2024,Weekday,Afternoon,35.73,scattered clouds,Free,Vivek Audi,0,No movement,0.07,,,,,,,,,,,-93,-13,0,2147483647,1,,-108,,,,,,,,Yuvaraj
12:09,13.0114248,80.2363734,308.77099609375,3.4519999027252197,8,4G,Airtel,Tuesday,17-09-2024,Weekday,Afternoon,35.73,scattered clouds,Free,Vivek Audi,0,No movement,0.07,,,,,,,,,,,-93,-13,0,2147483647,1,,-108,,,,,,,,Yuvaraj
12:09,13.0114263,80.2363691,308.77099609375,3.4519999027252197,8,4G,Airtel,Tuesday,17-09-2024,Weekday,Afternoon,35.73,scattered clouds,Free,Vivek Audi,0,Slow Walking,0.27,,,,,,,,,,,-92,-14,0,2147483647,1,,-108,,,,,,,,Yuvaraj
12:09,13.0114268,80.236346,308.77099609375,3.4519999027252197,8,4G,Airtel,Tuesday,17-09-2024,Weekday,Afternoon,35.73,scattered clouds,Free,Vivek Audi,0,Slow Walking,0.27,,,,,,,,,,,-90,-13,0,2147483647,1,,-108,,,,,,,,Yuvaraj
12:09,13.0114174,80.2363373,308.77099609375,3.4519999027252197,8,4G,Airtel,Tuesday,17-09-2024,Weekday,Afternoon,35.73,scattered clouds,Free,Vivek Audi,0,Slow Walking,0.65,,,,,,,,,,,-89,-13,0,2147483647,1,,-108,,,,,,,,Yuvaraj
12:09,13.0114088,80.2363463,308.77099609375,3.4519999027252197,8,4G,Airtel,Tuesday,17-09-2024,Weekday,Afternoon,35.73,scattered clouds,Free,Vivek Audi,0,Slow Walking,0.65,,,,,,,,,,,-93,-14,0,2147483647,1,,-108,,,,,,,,Yuvaraj
12:09,13.0114023,80.2363547,308.77099609375,3.4519999027252197,8,4G,Airtel,Tuesday,17-09-2024,Weekday,Afternoon,35.73,scattered clouds,Free,Vivek Audi,0,Slow Walking,0.65,,,,,,,,,,,-93,-14,0,2147483647,1,,-108,,,,,,,,Yuvaraj
12:09,13.0114146,80.236364,308.77099609375,3.4519999027252197,8,4G,Airtel,Tuesday,17-09-2024,Weekday,Afternoon,35.73,scattered clouds,Free,Vivek Audi,0,Slow Walking,0.69,,,,,,,,,,,-92,-14,0,2147483647,1,,-104,,,,,,,,Yuvaraj
12:09,13.0114204,80.2363573,308.77099609375,3.4519999027252197,8,4G,Airtel,Tuesday,17-09-2024,Weekday,Afternoon,35.73,scattered clouds,Free,Vivek Audi,0,Slow Walking,0.30,,,,,,,,,,,-92,-14,0,2147483647,1,,-104,,,,,,,,Yuvaraj
12:09,13.0114219,80.2363531,308.77099609375,3.4519999027252197,8,4G,Airtel,Tuesday,17-09-2024,Weekday,Afternoon,35.73,scattered clouds,Free,Vivek Audi,0,Slow Walking,0.30,,,,,,,,,,,-93,-14,0,2147483647,1,,-104,,,,,,,,Yuvaraj
12:10,13.0114973,80.2363056,0.38999998569488525,0.01899999938905239,28,4G,Jio,Tuesday,17-09-2024,Weekday,Afternoon,35.96,scattered clouds,Free,Vivek Audi,0,Slow Walking,0.32,,,,,,,,,,,-103,-12,2147483647,6,40,,,,,,,,,,Hariharan
12:10,13.0114967,80.2363061,0.38999998569488525,0.01899999938905239,28,4G,Jio,Tuesday,17-09-2024,Weekday,Afternoon,35.96,scattered clouds,Free,Vivek Audi,0,Slow Walking,0.32,,,,,,,,,,,-103,-12,3,6,40,,,,,,,,,,Hariharan
12:10,13.0114823,80.2362953,0.38999998569488525,0.01899999938905239,28,4G,Jio,Tuesday,17-09-2024,Weekday,Afternoon,35.96,scattered clouds,Free,Vivek Audi,0,Slow Walking,0.56,,,,,,,,,,,-91,-17,0,0,40,,,,,,,,,,Hariharan
12:10,13.0114823,80.2363041,0.38999998569488525,0.01899999938905239,28,4G,Jio,Tuesday,17-09-2024,Weekday,Afternoon,35.96,scattered clouds,Free,Vivek Audi,0,Slow Walking,0.56,,,,,,,,,,,-91,-17,0,0,40,,,,,,,,,,Hariharan
12:10,13.0114823,80.2363041,0.38999998569488525,0.01899999938905239,28,4G,Jio,Tuesday,17-09-2024,Weekday,Afternoon,35.96,scattered clouds,Free,Vivek Audi,0,Slow Walking,0.61,,,,,,,,,,,-110,-18,0,0,40,,,,,,,,,,Hariharan
12:10,13.0114823,80.236297,0.38999998569488525,0.01899999938905239,28,4G,Jio,Tuesday,17-09-2024,Weekday,Afternoon,35.96,scattered clouds,Free,Vivek Audi,0,Slow Walking,0.61,,,,,,,,,,,-112,-17,0,0,40,,,,,,,,,,Hariharan
12:10,13.0115004,80.2362994,0.38999998569488525,0.01899999938905239,28,4G,Jio,Tuesday,17-09-2024,Weekday,Afternoon,35.96,scattered clouds,Free,Vivek Audi,0,Walking,0.71,,,,,,,,,,,-112,-17,0,0,40,,,,,,,,,,Hariharan
12:10,13.0115004,80.2362994,0.38999998569488525,0.01899999938905239,28,4G,Jio,Tuesday,17-09-2024,Weekday,Afternoon,35.96,scattered clouds,Free,Vivek Audi,0,Walking,0.71,,,,,,,,,,,-111,-17,0,0,40,,,,,,,,,,Hariharan
12:10,13.011525,80.2363065,0.38999998569488525,0.01899999938905239,28,4G,Jio,Tuesday,17-09-2024,Weekday,Afternoon,35.96,scattered clouds,Free,Vivek Audi,0,Slow Walking,0.60,,,,,,,,,,,-109,-14,0,0,40,,,,,,,,,,Hariharan
12:10,13.0115307,80.2362987,0.38999998569488525,0.01899999938905239,28,4G,Jio,Tuesday,17-09-2024,Weekday,Afternoon,35.96,scattered clouds,Free,Vivek Audi,0,No movement,0.18,,,,,,,,,,,-110,-15,0,0,40,,,,,,,,,,Hariharan
12:10,13.011385,80.23635,308.77099609375,3.4519999027252197,8,4G,Airtel,Tuesday,17-09-2024,Weekday,Afternoon,35.96,scattered clouds,Free,Vivek Audi,0,No movement,0.00,,,,,,,,,,,-93,-14,0,2147483647,1,,-104,,,,,,,,Yuvaraj
12:10,13.011385,80.23635,308.77099609375,3.4519999027252197,8,4G,Airtel,Tuesday,17-09-2024,Weekday,Afternoon,35.96,scattered clouds,Free,Vivek Audi,0,No movement,0.00,,,,,,,,,,,-92,-14,0,2147483647,1,,-101,,,,,,,,Yuvaraj
12:10,13.011385,80.23635,308.77099609375,3.4519999027252197,8,4G,Airtel,Tuesday,17-09-2024,Weekday,Afternoon,35.96,scattered clouds,Free,Vivek Audi,0,No movement,0.00,,,,,,,,,,,-92,-14,0,2147483647,1,,-44,,,,,,,,Yuvaraj
12:10,13.0113845,80.2363487,308.77099609375,3.4519999027252197,8,4G,Airtel,Tuesday,17-09-2024,Weekday,Afternoon,35.96,scattered clouds,Free,Vivek Audi,0,No movement,0.00,,,,,,,,,,,-93,-15,0,2147483647,1,,-103,,,,,,,,Yuvaraj
12:10,13.0113892,80.2363316,308.77099609375,3.4519999027252197,8,4G,Airtel,Tuesday,17-09-2024,Weekday,Afternoon,35.96,scattered clouds,Free,Vivek Audi,0,Slow Walking,0.26,,,,,,,,,,,-93,-14,0,2147483647,1,,-103,,,,,,,,Yuvaraj
12:10,13.0113808,80.236287,308.77099609375,3.4519999027252197,8,4G,Airtel,Tuesday,17-09-2024,Weekday,Afternoon,35.96,scattered clouds,Free,Vivek Audi,0,Slow Walking,0.26,,,,,,,,,,,-95,-15,0,2147483647,1,,-102,,,,,,,,Yuvaraj
12:10,13.0113786,80.2362765,308.77099609375,3.4519999027252197,8,4G,Airtel,Tuesday,17-09-2024,Weekday,Afternoon,35.96,scattered clouds,Free,Vivek Audi,0,Walking,0.89,,,,,,,,,,,-93,-15,0,2147483647,1,,-102,,,,,,,,Yuvaraj
12:10,13.0114317,80.2362533,76.85900115966797,2.0360000133514404,14,4G,Airtel,Tuesday,17-09-2024,Weekday,Afternoon,35.96,scattered clouds,Moderate,Vivekananda Auditorium Opposite,0,No movement,0.00,,,,,,,,,,,-91,-15,0,2147483647,3,,,,,,,,,,Yazhiniyan
12:10,13.0115662,80.2365073,76.85900115966797,2.0360000133514404,14,4G,Airtel,Tuesday,17-09-2024,Weekday,Afternoon,35.96,scattered clouds,Moderate,Vivekananda Auditorium Opposite,0,No movement,0.00,,,,,,,,,,,-91,-15,0,2147483647,3,,,,,,,,,,Yazhiniyan
12:10,13.0115452,80.2365132,76.85900115966797,2.0360000133514404,14,4G,Airtel,Tuesday,17-09-2024,Weekday,Afternoon,35.96,scattered clouds,Moderate,Vivekananda Auditorium Opposite,0,No movement,0.14,,,,,,,,,,,-92,-15,0,2147483647,3,,-106,,,,,,,,Yazhiniyan
12:10,13.0115449,80.2365129,76.85900115966797,2.0360000133514404,14,4G,Airtel,Tuesday,17-09-2024,Weekday,Afternoon,35.96,scattered clouds,Moderate,Vivekananda Auditorium Opposite,0,No movement,0.14,,,,,,,,,,,-93,-14,0,2147483647,3,,-106,,,,,,,,Yazhiniyan
12:10,13.011545,80.236484,76.85900115966797,2.0360000133514404,14,4G,Airtel,Tuesday,17-09-2024,Weekday,Afternoon,35.96,scattered clouds,Moderate,Vivekananda Auditorium Opposite,0,No movement,0.13,,,,,,,,,,,-93,-15,0,2147483647,3,,-106,,,,,,,,Yazhiniyan
12:10,13.0115434,80.2364917,76.85900115966797,2.0360000133514404,14,4G,Airtel,Tuesday,17-09-2024,Weekday,Afternoon,35.96,scattered clouds,Moderate,Vivekananda Auditorium Opposite,0,No movement,0.10,,,,,,,,,,,-90,-14,0,2147483647,3,,-44,,,,,,,,Yazhiniyan
12:10,13.0115471,80.236484,76.85900115966797,2.0360000133514404,14,4G,Airtel,Tuesday,17-09-2024,Weekday,Afternoon,35.96,scattered clouds,Moderate,Vivekananda Auditorium Opposite,0,No movement,0.10,,,,,,,,,,,-85,-13,0,2147483647,3,,-44,,,,,,,,Yazhiniyan
12:10,13.0115524,80.2364823,76.85900115966797,2.0360000133514404,14,4G,Airtel,Tuesday,17-09-2024,Weekday,Afternoon,35.96,scattered clouds,Moderate,Vivekananda Auditorium Opposite,0,No movement,0.10,,,,,,,,,,,-85,-13,0,2147483647,3,,-44,,,,,,,,Yazhiniyan
12:10,13.0115761,80.2364916,76.85900115966797,2.0360000133514404,14,4G,Airtel,Tuesday,17-09-2024,Weekday,Afternoon,35.96,scattered clouds,Moderate,Vivekananda Auditorium Opposite,0,Slow Walking,0.53,,,,,,,,,,,-85,-13,0,2147483647,3,,-44,,,,,,,,Yazhiniyan
12:10,13.011584,80.2364947,76.85900115966797,2.0360000133514404,14,4G,Airtel,Tuesday,17-09-2024,Weekday,Afternoon,35.96,scattered clouds,Moderate,Vivekananda Auditorium Opposite,0,Slow Walking,0.53,,,,,,,,,,,-84,-13,0,2147483647,3,,-44,,,,,,,,Yazhiniyan
12:10,13.0116024,80.2364905,76.85900115966797,2.0360000133514404,14,4G,Airtel,Tuesday,17-09-2024,Weekday,Afternoon,35.96,scattered clouds,Moderate,Vivekananda Auditorium Opposite,0,Slow Walking,0.62,,,,,,,,,,,-88,-13,0,2147483647,3,,-44,,,,,,,,Yazhiniyan
12:10,13.0116012,80.236482,76.85900115966797,2.0360000133514404,14,4G,Airtel,Tuesday,17-09-2024,Weekday,Afternoon,35.96,scattered clouds,Moderate,Vivekananda Auditorium Opposite,0,Slow Walking,0.62,,,,,,,,,,,-90,-13,0,2147483647,3,,-44,,,,,,,,Yazhiniyan
12:10,13.0115932,80.2364782,76.85900115966797,2.0360000133514404,14,4G,Airtel,Tuesday,17-09-2024,Weekday,Afternoon,35.96,scattered clouds,Moderate,Vivekananda Auditorium Opposite,0,Slow Walking,0.62,,,,,,,,,,,-89,-13,0,2147483647,3,,-44,,,,,,,,Yazhiniyan
12:10,13.0115815,80.2364818,76.85900115966797,2.0360000133514404,14,4G,Airtel,Tuesday,17-09-2024,Weekday,Afternoon,35.96,scattered clouds,Moderate,Vivekananda Auditorium Opposite,0,Slow Walking,0.44,,,,,,,,,,,-90,-13,0,2147483647,3,,-44,,,,,,,,Yazhiniyan
12:10,13.0115761,80.2364846,76.85900115966797,2.0360000133514404,14,4G,Airtel,Tuesday,17-09-2024,Weekday,Afternoon,35.96,scattered clouds,Moderate,Vivekananda Auditorium Opposite,0,Slow Walking,0.44,,,,,,,,,,,-90,-13,0,2147483647,3,,-44,,,,,,,,Yazhiniyan
12:10,13.0115467,80.2364927,76.85900115966797,2.0360000133514404,14,4G,Airtel,Tuesday,17-09-2024,Weekday,Afternoon,35.96,scattered clouds,Moderate,Vivekananda Auditorium Opposite,0,Slow Walking,0.53,,,,,,,,,,,-89,-15,0,2147483647,3,,-104,,,,,,,,Yazhiniyan
12:11,13.0115368,80.2364929,76.85900115966797,2.0360000133514404,14,4G,Airtel,Tuesday,17-09-2024,Weekday,Afternoon,35.96,scattered clouds,Moderate,Vivekananda Auditorium Opposite,0,Slow Walking,0.53,,,,,,,,,,,-87,-15,0,2147483647,3,,-104,,,,,,,,Yazhiniyan
12:11,13.0115124,80.2364885,76.85900115966797,2.0360000133514404,14,4G,Airtel,Tuesday,17-09-2024,Weekday,Afternoon,35.96,scattered clouds,Moderate,Vivekananda Auditorium Opposite,0,No movement,0.17,,,,,,,,,,,-82,-14,0,2147483647,3,,-105,,,,,,,,Yazhiniyan
12:10,13.0113805,80.2362609,308.77099609375,3.4519999027252197,8,4G,Airtel,Tuesday,17-09-2024,Weekday,Afternoon,35.96,scattered clouds,Free,Vivek Audi,0,Walking,0.89,,,,,,,,,,,-93,-15,0,2147483647,1,,-102,,,,,,,,Yuvaraj
12:10,13.0113835,80.2362468,0.0,0.0,0,4G,Airtel,Tuesday,17-09-2024,Weekday,Afternoon,35.96,scattered clouds,Free,Vivek Audi,0,Walking,0.76,,,,,,,,,,,-94,-16,0,2147483647,1,,-102,,,,,,,,Yuvaraj
12:11,13.0114593,80.2362718,259.5690002441406,4.501999855041504,9,4G,Airtel,Tuesday,17-09-2024,Weekday,Afternoon,35.96,scattered clouds,Free,Vivek Audi,0,Slow Walking,0.65,,,,,,,,,,,-92,-14,0,2147483647,1,,-102,,,,,,,,Yuvaraj
12:11,13.0114654,80.2362877,259.5690002441406,4.501999855041504,9,4G,Airtel,Tuesday,17-09-2024,Weekday,Afternoon,35.96,scattered clouds,Free,Vivek Audi,0,Slow Walking,0.65,,,,,,,,,,,-93,-15,0,2147483647,1,,-102,,,,,,,,Yuvaraj
12:11,13.0114796,80.2362931,259.5690002441406,4.501999855041504,9,4G,Airtel,Tuesday,17-09-2024,Weekday,Afternoon,35.96,scattered clouds,Free,Vivek Audi,0,Slow Walking,0.65,,,,,,,,,,,-94,-14,0,2147483647,1,,-102,,,,,,,,Yuvaraj
12:11,13.0115035,80.2362915,259.5690002441406,4.501999855041504,9,4G,Airtel,Tuesday,17-09-2024,Weekday,Afternoon,35.96,scattered clouds,Free,Vivek Audi,0,Walking,1.01,,,,,,,,,,,-93,-14,0,2147483647,1,,-102,,,,,,,,Yuvaraj
12:11,13.0115119,80.2362837,259.5690002441406,4.501999855041504,9,4G,Airtel,Tuesday,17-09-2024,Weekday,Afternoon,35.96,scattered clouds,Free,Vivek Audi,0,Walking,1.01,,,,,,,,,,,-94,-15,0,2147483647,1,,-102,,,,,,,,Yuvaraj
12:11,13.01153,80.2362814,259.5690002441406,4.501999855041504,9,4G,Airtel,Tuesday,17-09-2024,Weekday,Afternoon,35.96,scattered clouds,Free,Vivek Audi,0,Walking,0.97,,,,,,,,,,,-94,-16,0,2147483647,1,,-102,,,,,,,,Yuvaraj
12:11,13.0115494,80.2362807,259.5690002441406,4.501999855041504,9,4G,Airtel,Tuesday,17-09-2024,Weekday,Afternoon,35.96,scattered clouds,Free,Vivek Audi,0,Walking,0.97,,,,,,,,,,,-94,-16,0,2147483647,1,,-102,,,,,,,,Yuvaraj
12:11,13.0115602,80.2362765,259.5690002441406,4.501999855041504,9,4G,Airtel,Tuesday,17-09-2024,Weekday,Afternoon,35.96,scattered clouds,Free,Vivek Audi,0,Walking,0.95,,,,,,,,,,,-93,-15,0,2147483647,1,,-102,,,,,,,,Yuvaraj
12:11,13.0115744,80.236275,259.5690002441406,4.501999855041504,9,4G,Airtel,Tuesday,17-09-2024,Weekday,Afternoon,35.96,scattered clouds,Free,Vivek Audi,0,Walking,0.95,,,,,,,,,,,-94,-15,0,2147483647,1,,-102,,,,,,,,Yuvaraj
12:11,13.0116642,80.2364902,223.17999267578125,10.645999908447266,13,4G,Airtel,Tuesday,17-09-2024,Weekday,Afternoon,35.96,scattered clouds,Moderate,Vivekananda Auditorium Opposite,0,No movement,0.08,,,,,,,,,,,-90,-14,0,2147483647,3,,-44,,,,,,,,Yazhiniyan
12:11,13.0116579,80.2364968,223.17999267578125,10.645999908447266,13,4G,Airtel,Tuesday,17-09-2024,Weekday,Afternoon,35.96,scattered clouds,Moderate,Vivekananda Auditorium Opposite,0,No movement,0.02,,,,,,,,,,,-91,-14,0,2147483647,3,,-105,,,,,,,,Yazhiniyan
12:12,13.0116558,80.2364963,223.17999267578125,10.645999908447266,13,4G,Airtel,Tuesday,17-09-2024,Weekday,Afternoon,35.96,scattered clouds,Moderate,Vivekananda Auditorium Opposite,0,No movement,0.07,,,,,,,,,,,-91,-14,0,2147483647,3,,-105,,,,,,,,Yazhiniyan
12:12,13.0116556,80.2364956,223.17999267578125,10.645999908447266,13,4G,Airtel,Tuesday,17-09-2024,Weekday,Afternoon,35.96,scattered clouds,Moderate,Vivekananda Auditorium Opposite,0,No movement,0.07,,,,,,,,,,,-93,-15,0,2147483647,3,,-105,,,,,,,,Yazhiniyan
12:12,13.01165,80.2364983,223.17999267578125,10.645999908447266,13,4G,Airtel,Tuesday,17-09-2024,Weekday,Afternoon,35.96,scattered clouds,Moderate,Vivekananda Auditorium Opposite,0,No movement,0.00,,,,,,,,,,,-89,-14,0,2147483647,3,,-102,,,,,,,,Yazhiniyan
12:12,13.01165,80.2364983,223.17999267578125,10.645999908447266,13,4G,Airtel,Tuesday,17-09-2024,Weekday,Afternoon,35.96,scattered clouds,Moderate,Vivekananda Auditorium Opposite,0,No movement,0.00,,,,,,,,,,,-88,-16,0,2147483647,3,,-107,,,,,,,,Yazhiniyan
12:12,13.01165,80.2364983,223.17999267578125,10.645999908447266,13,4G,Airtel,Tuesday,17-09-2024,Weekday,Afternoon,35.96,scattered clouds,Moderate,Vivekananda Auditorium Opposite,0,No movement,0.00,,,,,,,,,,,-89,-15,0,2147483647,3,,-108,,,,,,,,Yazhiniyan
12:12,13.01165,80.2364983,223.17999267578125,10.645999908447266,13,4G,Airtel,Tuesday,17-09-2024,Weekday,Afternoon,35.96,scattered clouds,Moderate,Vivekananda Auditorium Opposite,0,No movement,0.00,,,,,,,,,,,-89,-13,0,2147483647,3,,-107,,,,,,,,Yazhiniyan
12:12,13.01165,80.2364983,223.17999267578125,10.645999908447266,13,4G,Airtel,Tuesday,17-09-2024,Weekday,Afternoon,35.96,scattered clouds,Moderate,Vivekananda Auditorium Opposite,0,No movement,0.00,,,,,,,,,,,-93,-14,0,2147483647,3,,-108,,,,,,,,Yazhiniyan
12:12,13.01165,80.2364983,223.17999267578125,10.645999908447266,13,4G,Airtel,Tuesday,17-09-2024,Weekday,Afternoon,35.96,scattered clouds,Moderate,Vivekananda Auditorium Opposite,0,No movement,0.00,,,,,,,,,,,-89,-14,0,2147483647,3,,-108,,,,,,,,Yazhiniyan
12:12,13.01165,80.2364983,223.17999267578125,10.645999908447266,13,4G,Airtel,Tuesday,17-09-2024,Weekday,Afternoon,35.96,scattered clouds,Moderate,Vivekananda Auditorium Opposite,0,No movement,0.00,,,,,,,,,,,-91,-14,0,2147483647,3,,-108,,,,,,,,Yazhiniyan
12:12,13.01165,80.2364983,223.17999267578125,10.645999908447266,13,4G,Airtel,Tuesday,17-09-2024,Weekday,Afternoon,35.96,scattered clouds,Moderate,Vivekananda Auditorium Opposite,0,No movement,0.00,,,,,,,,,,,-89,-13,0,2147483647,3,,-108,,,,,,,,Yazhiniyan
12:12,13.01165,80.2364983,223.17999267578125,10.645999908447266,13,4G,Airtel,Tuesday,17-09-2024,Weekday,Afternoon,35.96,scattered clouds,Moderate,Vivekananda Auditorium Opposite,0,No movement,0.00,,,,,,,,,,,-90,-13,0,2147483647,3,,-110,,,,,,,,Yazhiniyan
12:12,13.01165,80.2364983,223.17999267578125,10.645999908447266,13,4G,Airtel,Tuesday,17-09-2024,Weekday,Afternoon,35.96,scattered clouds,Moderate,Vivekananda Auditorium Opposite,0,No movement,0.00,,,,,,,,,,,-82,-13,0,2147483647,3,,-110,,,,,,,,Yazhiniyan
12:12,13.0116485,80.2364974,223.17999267578125,10.645999908447266,13,4G,Airtel,Tuesday,17-09-2024,Weekday,Afternoon,35.96,scattered clouds,Moderate,Vivekananda Auditorium Opposite,0,No movement,0.00,,,,,,,,,,,-84,-14,0,2147483647,3,,-102,,,,,,,,Yazhiniyan
12:12,13.0116633,80.2365011,223.17999267578125,10.645999908447266,13,4G,Airtel,Tuesday,17-09-2024,Weekday,Afternoon,35.96,scattered clouds,Moderate,Vivekananda Auditorium Opposite,0,No movement,0.00,,,,,,,,,,,-84,-14,0,2147483647,3,,-102,,,,,,,,Yazhiniyan
12:13,13.0116936,80.2365388,223.17999267578125,10.645999908447266,13,4G,Airtel,Tuesday,17-09-2024,Weekday,Afternoon,35.96,scattered clouds,Moderate,Vivekananda Auditorium Opposite,0,Slow Walking,0.52,,,,,,,,,,,-86,-14,0,2147483647,3,,-101,,,,,,,,Yazhiniyan
12:13,13.0116954,80.236538,223.17999267578125,10.645999908447266,13,4G,Airtel,Tuesday,17-09-2024,Weekday,Afternoon,35.96,scattered clouds,Moderate,Vivekananda Auditorium Opposite,0,Slow Walking,0.52,,,,,,,,,,,-86,-14,0,2147483647,3,,-101,,,,,,,,Yazhiniyan
12:14,13.0115901,80.2363098,199.92799377441406,7.005000114440918,13,4G,Airtel,Tuesday,17-09-2024,Weekday,Afternoon,35.96,scattered clouds,Free,Vivek Audi,0,No movement,0.00,,,,,,,,,,,-97,-13,0,2147483647,1,,-102,,,,,,,,Yuvaraj
12:14,13.01159,80.23631,199.92799377441406,7.005000114440918,13,4G,Airtel,Tuesday,17-09-2024,Weekday,Afternoon,35.96,scattered clouds,Free,Vivek Audi,0,No movement,0.00,,,,,,,,,,,-97,-13,0,2147483647,1,,-102,,,,,,,,Yuvaraj
12:14,13.01159,80.23631,199.92799377441406,7.005000114440918,13,4G,Airtel,Tuesday,17-09-2024,Weekday,Afternoon,35.96,scattered clouds,Free,Vivek Audi,0,No movement,0.00,,,,,,,,,,,-95,-14,0,2147483647,1,,-102,,,,,,,,Yuvaraj
12:14,13.0115901,80.2363101,199.92799377441406,7.005000114440918,13,4G,Airtel,Tuesday,17-09-2024,Weekday,Afternoon,35.96,scattered clouds,Free,Vivek Audi,0,No movement,0.00,,,,,,,,,,,-95,-14,0,2147483647,1,,-102,,,,,,,,Yuvaraj
12:14,13.0115895,80.2363103,199.92799377441406,7.005000114440918,13,4G,Airtel,Tuesday,17-09-2024,Weekday,Afternoon,35.96,scattered clouds,Free,Vivek Audi,0,No movement,0.00,,,,,,,,,,,-95,-14,0,2147483647,1,,-102,,,,,,,,Yuvaraj
12:14,13.0115877,80.2363122,199.92799377441406,7.005000114440918,13,4G,Airtel,Tuesday,17-09-2024,Weekday,Afternoon,35.96,scattered clouds,Free,Vivek Audi,0,Slow Walking,0.53,,,,,,,,,,,-87,-14,0,2147483647,1,,-102,,,,,,,,Yuvaraj
12:14,13.0116109,80.2363346,199.92799377441406,7.005000114440918,13,4G,Airtel,Tuesday,17-09-2024,Weekday,Afternoon,35.96,scattered clouds,Free,Vivek Audi,0,Slow Walking,0.53,,,,,,,,,,,-87,-14,0,2147483647,1,,-102,,,,,,,,Yuvaraj
12:14,13.0116084,80.2363272,199.92799377441406,7.005000114440918,13,4G,Airtel,Tuesday,17-09-2024,Weekday,Afternoon,35.96,scattered clouds,Free,Vivek Audi,0,Slow Walking,0.53,,,,,,,,,,,-91,-14,0,2147483647,1,,-102,,,,,,,,Yuvaraj
12:14,13.0115926,80.2363466,199.92799377441406,7.005000114440918,13,4G,Airtel,Tuesday,17-09-2024,Weekday,Afternoon,35.96,scattered clouds,Free,Vivek Audi,0,Slow Walking,0.46,,,,,,,,,,,-91,-14,0,2147483647,1,,-102,,,,,,,,Yuvaraj
12:10,13.0115307,80.2362987,0.38999998569488525,0.01899999938905239,28,4G,Jio,Tuesday,17-09-2024,Weekday,Afternoon,35.96,scattered clouds,Free,Vivek Audi,0,No movement,0.08,,,,,,,,,,,-112,-16,0,0,40,,,,,,,,,,Hariharan
12:10,13.0115307,80.2362987,0.0,0.0,0,4G,Jio,Tuesday,17-09-2024,Weekday,Afternoon,35.96,scattered clouds,Free,Vivek Audi,0,No movement,0.05,,,,,,,,,,,-113,-18,0,0,40,,,,,,,,,,Hariharan
12:11,13.0115391,80.2363201,0.0,0.0,29,4G,Jio,Tuesday,17-09-2024,Weekday,Afternoon,35.96,scattered clouds,Free,Vivek Audi,0,No movement,0.01,,,,,,,,,,,-110,-16,0,0,40,,,,,,,,,,Hariharan
12:11,13.0115426,80.2363095,0.0,0.0,29,4G,Jio,Tuesday,17-09-2024,Weekday,Afternoon,35.96,scattered clouds,Free,Vivek Audi,0,Slow Walking,0.29,,,,,,,,,,,-91,-16,0,0,40,,,,,,,,,,Hariharan
12:11,13.0115426,80.2363095,0.0,0.0,29,4G,Jio,Tuesday,17-09-2024,Weekday,Afternoon,35.96,scattered clouds,Free,Vivek Audi,0,Slow Walking,0.29,,,,,,,,,,,-92,-17,0,0,40,,,,,,,,,,Hariharan
12:11,13.0115499,80.236316,0.0,0.0,29,4G,Jio,Tuesday,17-09-2024,Weekday,Afternoon,35.96,scattered clouds,Free,Vivek Audi,0,Slow Walking,0.29,,,,,,,,,,,-94,-16,0,0,40,,,,,,,,,,Hariharan
12:12,13.011552,80.2363127,0.0,0.0,29,4G,Jio,Tuesday,17-09-2024,Weekday,Afternoon,35.96,scattered clouds,Free,Vivek Audi,0,Slow Walking,0.60,,,,,,,,,,,-94,-16,0,0,40,,,,,,,,,,Hariharan
12:12,13.0115725,80.236326,0.0,0.0,29,4G,Jio,Tuesday,17-09-2024,Weekday,Afternoon,35.96,scattered clouds,Free,Vivek Audi,0,Slow Walking,0.66,,,,,,,,,,,-92,-15,0,0,40,,,,,,,,,,Hariharan
12:12,13.0115762,80.2363305,0.0,0.0,29,4G,Jio,Tuesday,17-09-2024,Weekday,Afternoon,35.96,scattered clouds,Free,Vivek Audi,0,Slow Walking,0.66,,,,,,,,,,,-95,-17,0,0,40,,,,,,,,,,Hariharan
12:12,13.0115789,80.2363259,0.0,0.0,29,4G,Jio,Tuesday,17-09-2024,Weekday,Afternoon,35.96,scattered clouds,Free,Vivek Audi,0,Slow Walking,0.66,,,,,,,,,,,-91,-18,0,0,40,,,,,,,,,,Hariharan
12:12,13.0115789,80.2363259,0.0,0.0,29,4G,Jio,Tuesday,17-09-2024,Weekday,Afternoon,35.96,scattered clouds,Free,Vivek Audi,0,Slow Walking,0.48,,,,,,,,,,,-91,-18,0,0,40,,,,,,,,,,Hariharan
12:12,13.0115875,80.2363225,0.0,0.0,29,4G,Jio,Tuesday,17-09-2024,Weekday,Afternoon,35.96,scattered clouds,Free,Vivek Audi,0,Slow Walking,0.48,,,,,,,,,,,-90,-16,0,0,40,,,,,,,,,,Hariharan
12:12,13.0115936,80.2363401,0.0,0.0,29,4G,Jio,Tuesday,17-09-2024,Weekday,Afternoon,35.96,scattered clouds,Free,Vivek Audi,0,Slow Walking,0.48,,,,,,,,,,,-96,-16,0,0,40,,,,,,,,,,Hariharan
12:12,13.0115991,80.2363389,0.0,0.0,29,4G,Jio,Tuesday,17-09-2024,Weekday,Afternoon,35.96,scattered clouds,Free,Vivek Audi,0,No movement,0.08,,,,,,,,,,,-95,-16,0,0,40,,,,,,,,,,Hariharan
12:14,13.0115968,80.236322,0.4560000002384186,0.006000000052154064,51,4G,Jio,Tuesday,17-09-2024,Weekday,Afternoon,35.96,scattered clouds,Free,Vivek Audi,0,Slow Walking,0.39,,,,,,,,,,,-95,-16,0,0,40,,,,,,,,,,Hariharan
12:14,13.0116046,80.2363251,0.4560000002384186,0.006000000052154064,51,4G,Jio,Tuesday,17-09-2024,Weekday,Afternoon,35.96,scattered clouds,Free,Vivek Audi,0,Slow Walking,0.51,,,,,,,,,,,-94,-17,0,0,40,,,,,,,,,,Hariharan
12:14,13.0116055,80.2363145,0.4560000002384186,0.006000000052154064,51,4G,Jio,Tuesday,17-09-2024,Weekday,Afternoon,35.96,scattered clouds,Free,Vivek Audi,0,Slow Walking,0.51,,,,,,,,,,,-90,-13,0,0,40,,,,,,,,,,Hariharan
12:14,13.0116043,80.2363181,0.4560000002384186,0.006000000052154064,51,4G,Jio,Tuesday,17-09-2024,Weekday,Afternoon,35.96,scattered clouds,Free,Vivek Audi,0,Slow Walking,0.58,,,,,,,,,,,-92,-15,0,0,40,,,,,,,,,,Hariharan
12:14,13.0115787,80.2363286,0.4560000002384186,0.006000000052154064,51,4G,Jio,Tuesday,17-09-2024,Weekday,Afternoon,35.96,scattered clouds,Free,Vivek Audi,0,Slow Walking,0.70,,,,,,,,,,,-89,-15,0,0,40,,,,,,,,,,Hariharan
12:14,13.0115725,80.2363382,0.4560000002384186,0.006000000052154064,51,4G,Jio,Tuesday,17-09-2024,Weekday,Afternoon,35.96,scattered clouds,Free,Vivek Audi,0,Slow Walking,0.70,,,,,,,,,,,-90,-17,0,0,40,,,,,,,,,,Hariharan
12:14,13.0115872,80.2363821,0.4560000002384186,0.006000000052154064,51,4G,Jio,Tuesday,17-09-2024,Weekday,Afternoon,35.96,scattered clouds,Free,Vivek Audi,0,Slow Walking,0.65,,,,,,,,,,,-91,-14,0,0,40,,,,,,,,,,Hariharan
12:14,13.0115824,80.2363824,0.4560000002384186,0.006000000052154064,51,4G,Jio,Tuesday,17-09-2024,Weekday,Afternoon,35.96,scattered clouds,Free,Vivek Audi,0,Slow Walking,0.65,,,,,,,,,,,-90,-20,0,0,40,,,,,,,,,,Hariharan
12:14,13.0115793,80.2363867,0.4560000002384186,0.006000000052154064,51,4G,Jio,Tuesday,17-09-2024,Weekday,Afternoon,35.96,scattered clouds,Free,Vivek Audi,0,Slow Walking,0.65,,,,,,,,,,,-89,-18,0,0,40,,,,,,,,,,Hariharan
12:13,13.0116783,80.2365267,236.3699951171875,11.277999877929688,15,4G,Airtel,Tuesday,17-09-2024,Weekday,Afternoon,35.96,scattered clouds,Moderate,Vivekananda Auditorium Opposite,0,No movement,0.00,,,,,,,,,,,-81,-14,0,2147483647,3,,-105,,,,,,,,Yazhiniyan
12:14,13.0116783,80.2365267,236.3699951171875,11.277999877929688,15,4G,Airtel,Tuesday,17-09-2024,Weekday,Afternoon,35.96,scattered clouds,Moderate,Vivekananda Auditorium Opposite,0,No movement,0.00,,,,,,,,,,,-82,-15,0,2147483647,3,,-106,,,,,,,,Yazhiniyan
12:14,13.0116783,80.2365267,236.3699951171875,11.277999877929688,15,4G,Airtel,Tuesday,17-09-2024,Weekday,Afternoon,35.96,scattered clouds,Moderate,Vivekananda Auditorium Opposite,0,No movement,0.00,,,,,,,,,,,-81,-15,0,2147483647,3,,-106,,,,,,,,Yazhiniyan
12:14,13.0116783,80.2365267,236.3699951171875,11.277999877929688,15,4G,Airtel,Tuesday,17-09-2024,Weekday,Afternoon,35.96,scattered clouds,Moderate,Vivekananda Auditorium Opposite,0,No movement,0.00,,,,,,,,,,,-82,-15,0,2147483647,3,,-106,,,,,,,,Yazhiniyan
12:14,13.0116783,80.2365267,236.3699951171875,11.277999877929688,15,4G,Airtel,Tuesday,17-09-2024,Weekday,Afternoon,35.96,scattered clouds,Moderate,Vivekananda Auditorium Opposite,0,No movement,0.00,,,,,,,,,,,-84,-15,0,2147483647,3,,-106,,,,,,,,Yazhiniyan
12:14,13.0116783,80.2365267,236.3699951171875,11.277999877929688,15,4G,Airtel,Tuesday,17-09-2024,Weekday,Afternoon,35.96,scattered clouds,Moderate,Vivekananda Auditorium Opposite,0,No movement,0.00,,,,,,,,,,,-84,-15,0,2147483647,3,,-44,,,,,,,,Yazhiniyan
12:14,13.0116783,80.2365267,236.3699951171875,11.277999877929688,15,4G,Airtel,Tuesday,17-09-2024,Weekday,Afternoon,35.96,scattered clouds,Moderate,Vivekananda Auditorium Opposite,0,No movement,0.00,,,,,,,,,,,-84,-16,0,2147483647,3,,-105,,,,,,,,Yazhiniyan
12:14,13.0116783,80.2365267,236.3699951171875,11.277999877929688,15,4G,Airtel,Tuesday,17-09-2024,Weekday,Afternoon,35.96,scattered clouds,Moderate,Vivekananda Auditorium Opposite,0,No movement,0.00,,,,,,,,,,,-83,-15,0,2147483647,3,,-105,,,,,,,,Yazhiniyan
12:14,13.0116783,80.2365267,236.3699951171875,11.277999877929688,15,4G,Airtel,Tuesday,17-09-2024,Weekday,Afternoon,35.96,scattered clouds,Moderate,Vivekananda Auditorium Opposite,0,No movement,0.00,,,,,,,,,,,-84,-15,0,2147483647,3,,-105,,,,,,,,Yazhiniyan
12:14,13.0116783,80.2365267,236.3699951171875,11.277999877929688,15,4G,Airtel,Tuesday,17-09-2024,Weekday,Afternoon,35.96,scattered clouds,Moderate,Vivekananda Auditorium Opposite,0,No movement,0.00,,,,,,,,,,,-84,-14,0,2147483647,3,,-105,,,,,,,,Yazhiniyan
12:14,13.0116783,80.2365267,236.3699951171875,11.277999877929688,15,4G,Airtel,Tuesday,17-09-2024,Weekday,Afternoon,35.96,scattered clouds,Moderate,Vivekananda Auditorium Opposite,0,No movement,0.00,,,,,,,,,,,-85,-14,0,2147483647,3,,-105,,,,,,,,Yazhiniyan
12:14,13.0116395,80.2365312,236.3699951171875,11.277999877929688,15,4G,Airtel,Tuesday,17-09-2024,Weekday,Afternoon,35.96,scattered clouds,Moderate,Vivekananda Auditorium Opposite,0,No movement,0.00,,,,,,,,,,,-85,-14,0,2147483647,3,,-105,,,,,,,,Yazhiniyan
12:14,13.01167,80.2365269,236.3699951171875,11.277999877929688,15,4G,Airtel,Tuesday,17-09-2024,Weekday,Afternoon,35.96,scattered clouds,Moderate,Vivekananda Auditorium Opposite,0,Walking,0.74,,,,,,,,,,,-79,-13,0,2147483647,3,,-103,,,,,,,,Yazhiniyan
12:14,13.0116697,80.2365285,236.3699951171875,11.277999877929688,15,4G,Airtel,Tuesday,17-09-2024,Weekday,Afternoon,35.96,scattered clouds,Moderate,Vivekananda Auditorium Opposite,0,Walking,0.74,,,,,,,,,,,-78,-13,0,2147483647,3,,-103,,,,,,,,Yazhiniyan
12:14,13.0116618,80.2365338,236.3699951171875,11.277999877929688,15,4G,Airtel,Tuesday,17-09-2024,Weekday,Afternoon,35.96,scattered clouds,Moderate,Vivekananda Auditorium Opposite,0,Slow Walking,0.70,,,,,,,,,,,-82,-13,0,2147483647,3,,-103,,,,,,,,Yazhiniyan
12:14,13.0116629,80.2365282,236.3699951171875,11.277999877929688,15,4G,Airtel,Tuesday,17-09-2024,Weekday,Afternoon,35.96,scattered clouds,Moderate,Vivekananda Auditorium Opposite,0,Slow Walking,0.32,,,,,,,,,,,-86,-14,0,2147483647,3,,-99,,,,,,,,Yazhiniyan
12:15,13.0116181,80.2365159,236.3699951171875,11.277999877929688,15,4G,Airtel,Tuesday,17-09-2024,Weekday,Afternoon,35.96,scattered clouds,Moderate,Vivekananda Auditorium Opposite,0,Slow Walking,0.51,,,,,,,,,,,-85,-14,0,2147483647,3,,-99,,,,,,,,Yazhiniyan
12:15,13.0116058,80.2365062,236.3699951171875,11.277999877929688,15,4G,Airtel,Tuesday,17-09-2024,Weekday,Afternoon,35.96,scattered clouds,Moderate,Vivekananda Auditorium Opposite,0,Slow Walking,0.44,,,,,,,,,,,-87,-13,0,2147483647,3,,-99,,,,,,,,Yazhiniyan
12:14,13.0115873,80.2363581,199.92799377441406,7.005000114440918,13,4G,Airtel,Tuesday,17-09-2024,Weekday,Afternoon,35.96,scattered clouds,Free,Vivek Audi,0,Slow Walking,0.46,,,,,,,,,,,-91,-14,0,2147483647,1,,-102,,,,,,,,Yuvaraj
12:14,13.0115792,80.2363743,199.92799377441406,7.005000114440918,13,4G,Airtel,Tuesday,17-09-2024,Weekday,Afternoon,35.96,scattered clouds,Free,Vivek Audi,0,Walking,0.85,,,,,,,,,,,-85,-14,0,2147483647,1,,-102,,,,,,,,Yuvaraj
12:14,13.0115779,80.2363999,199.92799377441406,7.005000114440918,13,4G,Airtel,Tuesday,17-09-2024,Weekday,Afternoon,35.96,scattered clouds,Free,Vivek Audi,0,Walking,0.85,,,,,,,,,,,-85,-14,0,2147483647,1,,-102,,,,,,,,Yuvaraj
12:14,13.0115684,80.2364167,199.92799377441406,7.005000114440918,13,4G,Airtel,Tuesday,17-09-2024,Weekday,Afternoon,35.96,scattered clouds,Free,Vivek Audi,0,Slow Walking,0.29,,,,,,,,,,,-85,-13,0,2147483647,1,,-104,,,,,,,,Yuvaraj
12:14,13.0115738,80.2364201,199.92799377441406,7.005000114440918,13,4G,Airtel,Tuesday,17-09-2024,Weekday,Afternoon,35.96,scattered clouds,Free,Vivek Audi,0,Slow Walking,0.29,,,,,,,,,,,-85,-13,0,2147483647,1,,-104,,,,,,,,Yuvaraj
12:15,13.0115833,80.2364233,227.26400756835938,10.04699993133545,14,4G,Airtel,Tuesday,17-09-2024,Weekday,Afternoon,35.92,scattered clouds,Free,Vivek Audi,0,No movement,0.00,,,,,,,,,,,-88,-14,0,2147483647,1,,-104,,,,,,,,Yuvaraj
12:15,13.0115833,80.2364233,227.26400756835938,10.04699993133545,14,4G,Airtel,Tuesday,17-09-2024,Weekday,Afternoon,35.92,scattered clouds,Free,Vivek Audi,0,No movement,0.00,,,,,,,,,,,-87,-14,0,2147483647,1,,-104,,,,,,,,Yuvaraj
12:15,13.0115253,80.2364264,227.26400756835938,10.04699993133545,14,4G,Airtel,Tuesday,17-09-2024,Weekday,Afternoon,35.92,scattered clouds,Free,Vivek Audi,0,No movement,0.00,,,,,,,,,,,-87,-14,0,2147483647,1,,-104,,,,,,,,Yuvaraj
12:15,13.0115253,80.2364264,227.26400756835938,10.04699993133545,14,4G,Airtel,Tuesday,17-09-2024,Weekday,Afternoon,35.92,scattered clouds,Free,Vivek Audi,0,No movement,0.00,,,,,,,,,,,-90,-13,0,2147483647,1,,-104,,,,,,,,Yuvaraj
12:15,13.011536,80.2364271,227.26400756835938,10.04699993133545,14,4G,Airtel,Tuesday,17-09-2024,Weekday,Afternoon,35.92,scattered clouds,Free,Vivek Audi,0,No movement,0.12,,,,,,,,,,,-90,-13,0,2147483647,1,,-104,,,,,,,,Yuvaraj
12:15,13.0115273,80.2364264,227.26400756835938,10.04699993133545,14,4G,Airtel,Tuesday,17-09-2024,Weekday,Afternoon,35.92,scattered clouds,Free,Vivek Audi,0,No movement,0.12,,,,,,,,,,,-90,-13,0,2147483647,1,,-104,,,,,,,,Yuvaraj
12:15,13.0115111,80.2364117,227.26400756835938,10.04699993133545,14,4G,Airtel,Tuesday,17-09-2024,Weekday,Afternoon,35.92,scattered clouds,Free,Vivek Audi,0,Slow Walking,0.21,,,,,,,,,,,-91,-14,0,2147483647,1,,-103,,,,,,,,Yuvaraj
12:15,13.0114866,80.2364036,227.26400756835938,10.04699993133545,14,4G,Airtel,Tuesday,17-09-2024,Weekday,Afternoon,35.92,scattered clouds,Free,Vivek Audi,0,Walking,0.72,,,,,,,,,,,-91,-14,0,2147483647,1,,-103,,,,,,,,Yuvaraj
12:15,13.0114759,80.2364111,227.26400756835938,10.04699993133545,14,4G,Airtel,Tuesday,17-09-2024,Weekday,Afternoon,35.92,scattered clouds,Free,Vivek Audi,0,Walking,0.72,,,,,,,,,,,-91,-14,0,2147483647,1,,-103,,,,,,,,Yuvaraj
12:15,13.0114792,80.2364173,227.26400756835938,10.04699993133545,14,4G,Airtel,Tuesday,17-09-2024,Weekday,Afternoon,35.92,scattered clouds,Free,Vivek Audi,0,Walking,0.72,,,,,,,,,,,-95,-19,0,2147483647,1,,-103,,,,,,,,Yuvaraj
12:15,13.0114792,80.2364173,227.26400756835938,10.04699993133545,14,4G,Airtel,Tuesday,17-09-2024,Weekday,Afternoon,35.92,scattered clouds,Free,Vivek Audi,0,Slow Walking,0.40,,,,,,,,,,,-95,-19,0,2147483647,1,,-103,,,,,,,,Yuvaraj
12:15,13.0114858,80.236427,227.26400756835938,10.04699993133545,14,4G,Airtel,Tuesday,17-09-2024,Weekday,Afternoon,35.92,scattered clouds,Free,Vivek Audi,0,Slow Walking,0.40,,,,,,,,,,,-95,-19,0,2147483647,1,,-103,,,,,,,,Yuvaraj
12:15,13.0114951,80.23643,227.26400756835938,10.04699993133545,14,4G,Airtel,Tuesday,17-09-2024,Weekday,Afternoon,35.92,scattered clouds,Free,Vivek Audi,0,Slow Walking,0.40,,,,,,,,,,,-95,-19,0,2147483647,1,,-103,,,,,,,,Yuvaraj
12:16,13.0115019,80.2364221,227.26400756835938,10.04699993133545,14,4G,Airtel,Tuesday,17-09-2024,Weekday,Afternoon,35.92,scattered clouds,Free,Vivek Audi,0,Slow Walking,0.41,,,,,,,,,,,-88,-14,0,2147483647,1,,-102,,,,,,,,Yuvaraj
12:16,13.0115221,80.236431,227.26400756835938,10.04699993133545,14,4G,Airtel,Tuesday,17-09-2024,Weekday,Afternoon,35.92,scattered clouds,Free,Vivek Audi,0,Walking,0.90,,,,,,,,,,,-88,-14,0,2147483647,1,,-102,,,,,,,,Yuvaraj
12:16,13.0115281,80.2364225,227.26400756835938,10.04699993133545,14,4G,Airtel,Tuesday,17-09-2024,Weekday,Afternoon,35.92,scattered clouds,Free,Vivek Audi,0,Walking,0.90,,,,,,,,,,,-88,-14,0,2147483647,1,,-102,,,,,,,,Yuvaraj
12:16,13.0115376,80.2364236,227.26400756835938,10.04699993133545,14,4G,Airtel,Tuesday,17-09-2024,Weekday,Afternoon,35.92,scattered clouds,Free,Vivek Audi,0,Slow Walking,0.54,,,,,,,,,,,-88,-13,0,2147483647,1,,-99,,,,,,,,Yuvaraj
12:16,13.0115379,80.2364256,227.26400756835938,10.04699993133545,14,4G,Airtel,Tuesday,17-09-2024,Weekday,Afternoon,35.92,scattered clouds,Free,Vivek Audi,0,Slow Walking,0.32,,,,,,,,,,,-88,-13,0,2147483647,1,,-99,,,,,,,,Yuvaraj
12:16,13.0115408,80.23643,227.26400756835938,10.04699993133545,14,4G,Airtel,Tuesday,17-09-2024,Weekday,Afternoon,35.92,scattered clouds,Free,Vivek Audi,0,Slow Walking,0.32,,,,,,,,,,,-88,-13,0,2147483647,1,,-99,,,,,,,,Yuvaraj
12:16,13.0115436,80.2364321,227.26400756835938,10.04699993133545,14,4G,Airtel,Tuesday,17-09-2024,Weekday,Afternoon,35.92,scattered clouds,Free,Vivek Audi,0,Slow Walking,0.32,,,,,,,,,,,-91,-15,0,2147483647,1,,-99,,,,,,,,Yuvaraj
12:16,13.0115436,80.2364321,227.26400756835938,10.04699993133545,14,4G,Airtel,Tuesday,17-09-2024,Weekday,Afternoon,35.92,scattered clouds,Free,Vivek Audi,0,Slow Walking,0.50,,,,,,,,,,,-91,-15,0,2147483647,1,,-99,,,,,,,,Yuvaraj
12:16,13.0115687,80.2364292,227.26400756835938,10.04699993133545,14,4G,Airtel,Tuesday,17-09-2024,Weekday,Afternoon,35.92,scattered clouds,Free,Vivek Audi,0,Slow Walking,0.50,,,,,,,,,,,-91,-15,0,2147483647,1,,-99,,,,,,,,Yuvaraj
12:16,13.0115825,80.2364171,227.26400756835938,10.04699993133545,14,4G,Airtel,Tuesday,17-09-2024,Weekday,Afternoon,35.92,scattered clouds,Free,Vivek Audi,0,Slow Walking,0.50,,,,,,,,,,,-91,-15,0,2147483647,1,,-99,,,,,,,,Yuvaraj
12:16,13.0115884,80.2363898,227.26400756835938,10.04699993133545,14,4G,Airtel,Tuesday,17-09-2024,Weekday,Afternoon,35.92,scattered clouds,Free,Vivek Audi,0,Walking,0.90,,,,,,,,,,,-93,-14,0,2147483647,1,,-44,,,,,,,,Yuvaraj
12:16,13.0115849,80.236384,227.26400756835938,10.04699993133545,14,4G,Airtel,Tuesday,17-09-2024,Weekday,Afternoon,35.92,scattered clouds,Free,Vivek Audi,0,Walking,0.90,,,,,,,,,,,-93,-14,0,2147483647,1,,-44,,,,,,,,Yuvaraj
12:16,13.0116047,80.2363697,227.26400756835938,10.04699993133545,14,4G,Airtel,Tuesday,17-09-2024,Weekday,Afternoon,35.92,scattered clouds,Free,Vivek Audi,0,Walking,0.90,,,,,,,,,,,-93,-14,0,2147483647,1,,-44,,,,,,,,Yuvaraj
12:16,13.0116047,80.2363697,227.26400756835938,10.04699993133545,14,4G,Airtel,Tuesday,17-09-2024,Weekday,Afternoon,35.92,scattered clouds,Free,Vivek Audi,0,Walking,1.09,,,,,,,,,,,-93,-14,0,2147483647,1,,-44,,,,,,,,Yuvaraj
12:16,13.0115868,80.2363623,227.26400756835938,10.04699993133545,14,4G,Airtel,Tuesday,17-09-2024,Weekday,Afternoon,35.92,scattered clouds,Free,Vivek Audi,0,Walking,1.09,,,,,,,,,,,-96,-13,0,2147483647,1,,-44,,,,,,,,Yuvaraj
12:16,13.0115744,80.2363663,227.26400756835938,10.04699993133545,14,4G,Airtel,Tuesday,17-09-2024,Weekday,Afternoon,35.92,scattered clouds,Free,Vivek Audi,0,Walking,1.09,,,,,,,,,,,-96,-13,0,2147483647,1,,-44,,,,,,,,Yuvaraj
12:16,13.0115656,80.236365,227.26400756835938,10.04699993133545,14,4G,Airtel,Tuesday,17-09-2024,Weekday,Afternoon,35.92,scattered clouds,Free,Vivek Audi,0,Slow Walking,0.55,,,,,,,,,,,-98,-15,0,2147483647,1,,-44,,,,,,,,Yuvaraj
12:16,13.0115541,80.2363411,227.26400756835938,10.04699993133545,14,4G,Airtel,Tuesday,17-09-2024,Weekday,Afternoon,35.92,scattered clouds,Free,Vivek Audi,0,Slow Walking,0.55,,,,,,,,,,,-98,-15,0,2147483647,1,,-44,,,,,,,,Yuvaraj
12:16,13.0115516,80.2363402,227.26400756835938,10.04699993133545,14,4G,Airtel,Tuesday,17-09-2024,Weekday,Afternoon,35.92,scattered clouds,Free,Vivek Audi,0,Slow Walking,0.55,,,,,,,,,,,-98,-15,0,2147483647,1,,-44,,,,,,,,Yuvaraj
12:16,13.0115516,80.2363402,227.26400756835938,10.04699993133545,14,4G,Airtel,Tuesday,17-09-2024,Weekday,Afternoon,35.92,scattered clouds,Free,Vivek Audi,0,Slow Walking,0.25,,,,,,,,,,,-98,-15,0,2147483647,1,,-44,,,,,,,,Yuvaraj
12:16,13.0114923,80.2364356,224.72900390625,13.359000205993652,14,4G,Airtel,Tuesday,17-09-2024,Weekday,Afternoon,35.92,scattered clouds,Moderate,Vivekananda Auditorium Opposite,0,Slow Walking,0.32,,,,,,,,,,,-90,-16,0,2147483647,3,,-99,,,,,,,,Yazhiniyan
12:16,13.0114988,80.2364424,224.72900390625,13.359000205993652,14,4G,Airtel,Tuesday,17-09-2024,Weekday,Afternoon,35.92,scattered clouds,Moderate,Vivekananda Auditorium Opposite,0,Slow Walking,0.42,,,,,,,,,,,-90,-16,0,2147483647,3,,-99,,,,,,,,Yazhiniyan
12:16,13.011519,80.2364576,224.72900390625,13.359000205993652,14,4G,Airtel,Tuesday,17-09-2024,Weekday,Afternoon,35.92,scattered clouds,Moderate,Vivekananda Auditorium Opposite,0,Slow Walking,0.42,,,,,,,,,,,-89,-15,0,2147483647,3,,-99,,,,,,,,Yazhiniyan
12:16,13.0115318,80.2364615,224.72900390625,13.359000205993652,14,4G,Airtel,Tuesday,17-09-2024,Weekday,Afternoon,35.92,scattered clouds,Moderate,Vivekananda Auditorium Opposite,0,Slow Walking,0.42,,,,,,,,,,,-89,-14,0,2147483647,3,,-99,,,,,,,,Yazhiniyan
12:16,13.0115569,80.2364732,224.72900390625,13.359000205993652,14,4G,Airtel,Tuesday,17-09-2024,Weekday,Afternoon,35.92,scattered clouds,Moderate,Vivekananda Auditorium Opposite,0,Slow Walking,0.68,,,,,,,,,,,-88,-14,0,2147483647,3,,-99,,,,,,,,Yazhiniyan
12:16,13.0115569,80.2364732,224.72900390625,13.359000205993652,14,4G,Airtel,Tuesday,17-09-2024,Weekday,Afternoon,35.92,scattered clouds,Moderate,Vivekananda Auditorium Opposite,0,Slow Walking,0.68,,,,,,,,,,,-92,-15,0,2147483647,3,,-99,,,,,,,,Yazhiniyan
12:16,13.0115588,80.2364698,224.72900390625,13.359000205993652,14,4G,Airtel,Tuesday,17-09-2024,Weekday,Afternoon,35.92,scattered clouds,Moderate,Vivekananda Auditorium Opposite,0,Slow Walking,0.41,,,,,,,,,,,-92,-15,0,2147483647,3,,-99,,,,,,,,Yazhiniyan
12:16,13.0115443,80.2364705,224.72900390625,13.359000205993652,14,4G,Airtel,Tuesday,17-09-2024,Weekday,Afternoon,35.92,scattered clouds,Moderate,Vivekananda Auditorium Opposite,0,Slow Walking,0.46,,,,,,,,,,,-90,-15,0,2147483647,3,,-106,,,,,,,,Yazhiniyan
12:16,13.0115248,80.2364752,224.72900390625,13.359000205993652,14,4G,Airtel,Tuesday,17-09-2024,Weekday,Afternoon,35.92,scattered clouds,Moderate,Vivekananda Auditorium Opposite,0,Slow Walking,0.40,,,,,,,,,,,-86,-15,0,2147483647,3,,-106,,,,,,,,Yazhiniyan
12:16,13.0115127,80.2364951,224.72900390625,13.359000205993652,14,4G,Airtel,Tuesday,17-09-2024,Weekday,Afternoon,35.92,scattered clouds,Moderate,Vivekananda Auditorium Opposite,0,Slow Walking,0.40,,,,,,,,,,,-86,-15,0,2147483647,3,,-106,,,,,,,,Yazhiniyan
12:16,13.0115166,80.2365022,224.72900390625,13.359000205993652,14,4G,Airtel,Tuesday,17-09-2024,Weekday,Afternoon,35.92,scattered clouds,Moderate,Vivekananda Auditorium Opposite,0,Slow Walking,0.60,,,,,,,,,,,-83,-14,0,2147483647,3,,-106,,,,,,,,Yazhiniyan
12:16,13.0115273,80.2365035,224.72900390625,13.359000205993652,14,4G,Airtel,Tuesday,17-09-2024,Weekday,Afternoon,35.92,scattered clouds,Moderate,Vivekananda Auditorium Opposite,0,Slow Walking,0.60,,,,,,,,,,,-83,-14,0,2147483647,3,,-106,,,,,,,,Yazhiniyan
12:16,13.0115387,80.2365051,224.72900390625,13.359000205993652,14,4G,Airtel,Tuesday,17-09-2024,Weekday,Afternoon,35.92,scattered clouds,Moderate,Vivekananda Auditorium Opposite,0,Slow Walking,0.68,,,,,,,,,,,-84,-13,0,2147483647,3,,-106,,,,,,,,Yazhiniyan
12:16,13.0115435,80.2365052,224.72900390625,13.359000205993652,14,4G,Airtel,Tuesday,17-09-2024,Weekday,Afternoon,35.92,scattered clouds,Moderate,Vivekananda Auditorium Opposite,0,Slow Walking,0.68,,,,,,,,,,,-84,-13,0,2147483647,3,,-106,,,,,,,,Yazhiniyan
12:16,13.0115438,80.2364996,224.72900390625,13.359000205993652,14,4G,Airtel,Tuesday,17-09-2024,Weekday,Afternoon,35.92,scattered clouds,Moderate,Vivekananda Auditorium Opposite,0,Slow Walking,0.68,,,,,,,,,,,-84,-13,0,2147483647,3,,-106,,,,,,,,Yazhiniyan
12:16,13.0115292,80.2365023,224.72900390625,13.359000205993652,14,4G,Airtel,Tuesday,17-09-2024,Weekday,Afternoon,35.92,scattered clouds,Moderate,Vivekananda Auditorium Opposite,0,Slow Walking,0.26,,,,,,,,,,,-82,-15,0,2147483647,3,,-44,,,,,,,,Yazhiniyan
12:16,13.0115293,80.2365028,224.72900390625,13.359000205993652,14,4G,Airtel,Tuesday,17-09-2024,Weekday,Afternoon,35.92,scattered clouds,Moderate,Vivekananda Auditorium Opposite,0,Slow Walking,0.26,,,,,,,,,,,-82,-15,0,2147483647,3,,-44,,,,,,,,Yazhiniyan
12:16,13.0115363,80.2365106,224.72900390625,13.359000205993652,14,4G,Airtel,Tuesday,17-09-2024,Weekday,Afternoon,35.92,scattered clouds,Moderate,Vivekananda Auditorium Opposite,0,Slow Walking,0.26,,,,,,,,,,,-82,-15,0,2147483647,3,,-44,,,,,,,,Yazhiniyan
12:16,13.0115832,80.2364097,0.009,0.0,47,4G,Jio,Tuesday,17-09-2024,Weekday,Afternoon,35.96,scattered clouds,Free,Vivek Audi,0,No movement,0.00,,,,,,,,,,,-115,-19,0,0,40,,,,,,,,,,Hariharan
12:16,13.0115832,80.2364097,0.009,0.0,47,4G,Jio,Tuesday,17-09-2024,Weekday,Afternoon,35.96,scattered clouds,Free,Vivek Audi,0,Slow Walking,0.25,,,,,,,,,,,-114,-19,0,0,40,,,,,,,,,,Hariharan
12:16,13.0115872,80.2364035,0.009,0.0,47,4G,Jio,Tuesday,17-09-2024,Weekday,Afternoon,35.96,scattered clouds,Free,Vivek Audi,0,Slow Walking,0.25,,,,,,,,,,,-114,-19,0,0,40,,,,,,,,,,Hariharan
12:16,13.0115872,80.2364035,0.009,0.0,47,4G,Jio,Tuesday,17-09-2024,Weekday,Afternoon,35.96,scattered clouds,Free,Vivek Audi,0,No movement,0.02,,,,,,,,,,,-113,-19,0,0,40,,,,,,,,,,Hariharan
12:16,13.0115872,80.2364035,0.009,0.0,47,4G,Jio,Tuesday,17-09-2024,Weekday,Afternoon,35.96,scattered clouds,Free,Vivek Audi,0,No movement,0.02,,,,,,,,,,,-113,-18,0,0,40,,,,,,,,,,Hariharan
12:16,13.0115872,80.2364035,0.009,0.0,47,4G,Jio,Tuesday,17-09-2024,Weekday,Afternoon,35.96,scattered clouds,Free,Vivek Audi,0,No movement,0.00,,,,,,,,,,,-113,-18,0,0,40,,,,,,,,,,Hariharan
12:16,13.0115872,80.2364035,0.009,0.0,47,4G,Jio,Tuesday,17-09-2024,Weekday,Afternoon,35.96,scattered clouds,Free,Vivek Audi,0,No movement,0.00,,,,,,,,,,,-112,-18,0,0,40,,,,,,,,,,Hariharan
12:16,13.0115997,80.2364025,0.009,0.0,47,4G,Jio,Tuesday,17-09-2024,Weekday,Afternoon,35.96,scattered clouds,Free,Vivek Audi,0,Slow Walking,0.66,,,,,,,,,,,-110,-18,0,0,40,,,,,,,,,,Hariharan
12:16,13.0116013,80.2364081,0.009,0.0,47,4G,Jio,Tuesday,17-09-2024,Weekday,Afternoon,35.96,scattered clouds,Free,Vivek Audi,0,Slow Walking,0.66,,,,,,,,,,,-110,-18,0,0,40,,,,,,,,,,Hariharan
12:16,13.0116034,80.2364114,0.009,0.0,47,4G,Jio,Tuesday,17-09-2024,Weekday,Afternoon,35.96,scattered clouds,Free,Vivek Audi,0,Slow Walking,0.47,,,,,,,,,,,-108,-18,0,0,40,,,,,,,,,,Hariharan
12:16,13.0116103,80.2364335,0.009,0.0,47,4G,Jio,Tuesday,17-09-2024,Weekday,Afternoon,35.96,scattered clouds,Free,Vivek Audi,0,Walking,0.73,,,,,,,,,,,-84,-14,0,0,40,,,,,,,,,,Hariharan
12:16,13.0116103,80.2364335,0.009,0.0,47,4G,Jio,Tuesday,17-09-2024,Weekday,Afternoon,35.96,scattered clouds,Free,Vivek Audi,0,Walking,0.73,,,,,,,,,,,-108,-15,0,0,40,,,,,,,,,,Hariharan
12:18,13.0114491,80.2361694,190.16600036621094,11.291000366210938,14,4G,Airtel,Tuesday,17-09-2024,Weekday,Afternoon,35.92,scattered clouds,Moderate,maths department road,0,Slow Walking,0.54,,,,,,,,,,,-100,-19,0,2147483647,3,,-44,,,,,,,,Yazhiniyan
12:18,13.0114511,80.2361606,190.16600036621094,11.291000366210938,14,4G,Airtel,Tuesday,17-09-2024,Weekday,Afternoon,35.92,scattered clouds,Moderate,maths department road,0,Slow Walking,0.54,,,,,,,,,,,-100,-19,0,2147483647,3,,-44,,,,,,,,Yazhiniyan
12:18,13.0114613,80.2361466,190.16600036621094,11.291000366210938,14,4G,Airtel,Tuesday,17-09-2024,Weekday,Afternoon,35.92,scattered clouds,Moderate,maths department road,0,Walking,0.90,,,,,,,,,,,-100,-19,0,2147483647,3,,-44,,,,,,,,Yazhiniyan
12:18,13.0114587,80.2361286,190.16600036621094,11.291000366210938,14,4G,Airtel,Tuesday,17-09-2024,Weekday,Afternoon,35.92,scattered clouds,Moderate,maths department road,0,Walking,0.90,,,,,,,,,,,-102,-20,0,2147483647,3,,-44,,,,,,,,Yazhiniyan
12:18,13.0114561,80.2361075,190.16600036621094,11.291000366210938,14,4G,Airtel,Tuesday,17-09-2024,Weekday,Afternoon,35.92,scattered clouds,Moderate,maths department road,0,Walking,0.90,,,,,,,,,,,-102,-20,0,2147483647,3,,-44,,,,,,,,Yazhiniyan
12:18,13.0114554,80.2360888,190.16600036621094,11.291000366210938,14,4G,Airtel,Tuesday,17-09-2024,Weekday,Afternoon,35.92,scattered clouds,Moderate,maths department road,0,Walking,0.98,,,,,,,,,,,-100,-17,0,2147483647,3,,-44,,,,,,,,Yazhiniyan
12:18,13.0114605,80.2360785,190.16600036621094,11.291000366210938,14,4G,Airtel,Tuesday,17-09-2024,Weekday,Afternoon,35.92,scattered clouds,Moderate,maths department road,0,Walking,0.98,,,,,,,,,,,-100,-17,0,2147483647,3,,-44,,,,,,,,Yazhiniyan
12:18,13.0114622,80.2360544,190.16600036621094,11.291000366210938,14,4G,Airtel,Tuesday,17-09-2024,Weekday,Afternoon,35.92,scattered clouds,Moderate,maths department road,0,Walking,1.01,,,,,,,,,,,-100,-17,0,2147483647,3,,-44,,,,,,,,Yazhiniyan
12:18,13.0114604,80.2360465,190.16600036621094,11.291000366210938,14,4G,Airtel,Tuesday,17-09-2024,Weekday,Afternoon,35.92,scattered clouds,Moderate,maths department road,0,Walking,1.01,,,,,,,,,,,-103,-18,0,2147483647,3,,-44,,,,,,,,Yazhiniyan
12:18,13.0114585,80.2360266,190.16600036621094,11.291000366210938,14,4G,Airtel,Tuesday,17-09-2024,Weekday,Afternoon,35.92,scattered clouds,Moderate,maths department road,0,Walking,1.01,,,,,,,,,,,-103,-18,0,2147483647,3,,-44,,,,,,,,Yazhiniyan
12:18,13.0114897,80.2359248,190.16600036621094,11.291000366210938,14,4G,Airtel,Tuesday,17-09-2024,Weekday,Afternoon,35.92,scattered clouds,Moderate,maths department road,0,Walking,0.99,,,,,,,,,,,-102,-18,0,2147483647,3,,-104,,,,,,,,Yazhiniyan
12:18,13.0114874,80.2359169,190.16600036621094,11.291000366210938,14,4G,Airtel,Tuesday,17-09-2024,Weekday,Afternoon,35.92,scattered clouds,Moderate,maths department road,0,Walking,0.99,,,,,,,,,,,-102,-18,0,2147483647,3,,-104,,,,,,,,Yazhiniyan
12:18,13.0114942,80.2358836,190.16600036621094,11.291000366210938,14,4G,Airtel,Tuesday,17-09-2024,Weekday,Afternoon,35.92,scattered clouds,Moderate,maths department road,0,Walking,0.92,,,,,,,,,,,-102,-18,0,2147483647,3,,-104,,,,,,,,Yazhiniyan
12:18,13.0114971,80.235841,190.16600036621094,11.291000366210938,14,4G,Airtel,Tuesday,17-09-2024,Weekday,Afternoon,35.92,scattered clouds,Moderate,maths department road,0,Walking,1.05,,,,,,,,,,,-104,-20,0,2147483647,3,,-105,,,,,,,,Yazhiniyan
12:18,13.0114975,80.23583,190.16600036621094,11.291000366210938,14,4G,Airtel,Tuesday,17-09-2024,Weekday,Afternoon,35.92,scattered clouds,Moderate,maths department road,0,Walking,1.05,,,,,,,,,,,-104,-20,0,2147483647,3,,-105,,,,,,,,Yazhiniyan
12:18,13.0114992,80.2358137,190.16600036621094,11.291000366210938,14,4G,Airtel,Tuesday,17-09-2024,Weekday,Afternoon,35.92,scattered clouds,Moderate,maths department road,0,Walking,0.95,,,,,,,,,,,-104,-20,0,2147483647,3,,-105,,,,,,,,Yazhiniyan
12:18,13.0115006,80.2358013,190.16600036621094,11.291000366210938,14,4G,Airtel,Tuesday,17-09-2024,Weekday,Afternoon,35.92,scattered clouds,Moderate,maths department road,0,Walking,0.95,,,,,,,,,,,-105,-20,0,2147483647,3,,-105,,,,,,,,Yazhiniyan
12:18,13.0115,80.2357759,190.16600036621094,11.291000366210938,14,4G,Airtel,Tuesday,17-09-2024,Weekday,Afternoon,35.92,scattered clouds,Moderate,maths department road,0,Walking,0.97,,,,,,,,,,,-105,-20,0,2147483647,3,,-105,,,,,,,,Yazhiniyan
12:19,13.0114959,80.2357569,190.16600036621094,11.291000366210938,14,4G,Airtel,Tuesday,17-09-2024,Weekday,Afternoon,35.92,scattered clouds,Moderate,maths department road,0,Walking,0.97,,,,,,,,,,,-102,-19,0,2147483647,3,,-105,,,,,,,,Yazhiniyan
12:19,13.0114887,80.2357562,190.16600036621094,11.291000366210938,14,4G,Airtel,Tuesday,17-09-2024,Weekday,Afternoon,35.92,scattered clouds,Moderate,maths department road,0,Walking,0.97,,,,,,,,,,,-102,-19,0,2147483647,3,,-105,,,,,,,,Yazhiniyan
12:19,13.0114812,80.2357507,190.16600036621094,11.291000366210938,14,4G,Airtel,Tuesday,17-09-2024,Weekday,Afternoon,35.92,scattered clouds,Moderate,maths department road,0,Slow Walking,0.69,,,,,,,,,,,-102,-19,0,2147483647,3,,-105,,,,,,,,Yazhiniyan
12:19,13.0117077,80.2363594,0.0010000000474974513,0.01899999938905239,29,4G,Jio,Tuesday,17-09-2024,Weekday,Afternoon,35.96,scattered clouds,Free,Vivek Audi,0,No movement,0.07,,,,,,,,,,,-112,-16,0,0,40,,,,,,,,,,Hariharan
12:19,13.0117068,80.2363577,0.0010000000474974513,0.01899999938905239,29,4G,Jio,Tuesday,17-09-2024,Weekday,Afternoon,35.96,scattered clouds,Free,Vivek Audi,0,No movement,0.07,,,,,,,,,,,-112,-16,0,0,40,,,,,,,,,,Hariharan
12:19,13.0117002,80.2363535,0.0010000000474974513,0.01899999938905239,29,4G,Jio,Tuesday,17-09-2024,Weekday,Afternoon,35.96,scattered clouds,Free,Vivek Audi,0,No movement,0.07,,,,,,,,,,,-113,-16,0,0,40,,,,,,,,,,Hariharan
12:19,13.0116922,80.2363376,0.0010000000474974513,0.01899999938905239,29,4G,Jio,Tuesday,17-09-2024,Weekday,Afternoon,35.96,scattered clouds,Free,Vivek Audi,0,No movement,0.07,,,,,,,,,,,-113,-16,0,0,40,,,,,,,,,,Hariharan
12:19,13.0117066,80.2363372,0.0010000000474974513,0.01899999938905239,29,4G,Jio,Tuesday,17-09-2024,Weekday,Afternoon,35.96,scattered clouds,Free,Vivek Audi,0,Slow Walking,0.62,,,,,,,,,,,-113,-16,0,0,40,,,,,,,,,,Hariharan
12:19,13.0117195,80.236325,0.0010000000474974513,0.01899999938905239,29,4G,Jio,Tuesday,17-09-2024,Weekday,Afternoon,35.96,scattered clouds,Free,Vivek Audi,0,Slow Walking,0.62,,,,,,,,,,,-113,-16,0,0,40,,,,,,,,,,Hariharan
12:19,13.0117291,80.2363278,0.0010000000474974513,0.01899999938905239,29,4G,Jio,Tuesday,17-09-2024,Weekday,Afternoon,35.96,scattered clouds,Free,Vivek Audi,0,Slow Walking,0.62,,,,,,,,,,,-113,-16,0,0,40,,,,,,,,,,Hariharan
12:19,13.0117291,80.2363278,0.0010000000474974513,0.01899999938905239,29,4G,Jio,Tuesday,17-09-2024,Weekday,Afternoon,35.96,scattered clouds,Free,Vivek Audi,0,Slow Walking,0.67,,,,,,,,,,,-115,-16,0,0,40,,,,,,,,,,Hariharan
12:19,13.0117383,80.2363326,0.0010000000474974513,0.01899999938905239,29,4G,Jio,Tuesday,17-09-2024,Weekday,Afternoon,35.96,scattered clouds,Free,Vivek Audi,0,Slow Walking,0.67,,,,,,,,,,,-115,-16,0,0,40,,,,,,,,,,Hariharan
12:19,13.0117495,80.2363231,0.0010000000474974513,0.01899999938905239,29,4G,Jio,Tuesday,17-09-2024,Weekday,Afternoon,35.96,scattered clouds,Free,Vivek Audi,0,Slow Walking,0.67,,,,,,,,,,,-115,-16,0,0,40,,,,,,,,,,Hariharan
12:19,13.0117495,80.2363231,0.0010000000474974513,0.01899999938905239,29,4G,Jio,Tuesday,17-09-2024,Weekday,Afternoon,35.96,scattered clouds,Free,Vivek Audi,0,Slow Walking,0.67,,,,,,,,,,,-115,-17,0,0,40,,,,,,,,,,Hariharan
12:19,13.0117495,80.2363231,0.0010000000474974513,0.01899999938905239,29,4G,Jio,Tuesday,17-09-2024,Weekday,Afternoon,35.96,scattered clouds,Free,Vivek Audi,0,Slow Walking,0.64,,,,,,,,,,,-115,-17,0,0,40,,,,,,,,,,Hariharan
12:19,13.0117565,80.2363204,0.0010000000474974513,0.01899999938905239,29,4G,Jio,Tuesday,17-09-2024,Weekday,Afternoon,35.96,scattered clouds,Free,Vivek Audi,0,Slow Walking,0.64,,,,,,,,,,,-115,-17,0,0,40,,,,,,,,,,Hariharan
12:19,13.0117585,80.2363306,0.0010000000474974513,0.01899999938905239,29,4G,Jio,Tuesday,17-09-2024,Weekday,Afternoon,35.96,scattered clouds,Free,Vivek Audi,0,Slow Walking,0.64,,,,,,,,,,,-114,-16,0,0,40,,,,,,,,,,Hariharan
12:19,13.0117661,80.2363375,0.0010000000474974513,0.01899999938905239,29,4G,Jio,Tuesday,17-09-2024,Weekday,Afternoon,35.96,scattered clouds,Free,Vivek Audi,0,Slow Walking,0.60,,,,,,,,,,,-114,-16,0,0,40,,,,,,,,,,Hariharan
12:19,13.011777,80.2363265,0.0010000000474974513,0.01899999938905239,29,4G,Jio,Tuesday,17-09-2024,Weekday,Afternoon,35.96,scattered clouds,Free,Vivek Audi,0,Slow Walking,0.60,,,,,,,,,,,-114,-16,0,0,40,,,,,,,,,,Hariharan
12:19,13.011788,80.2363287,0.0010000000474974513,0.01899999938905239,29,4G,Jio,Tuesday,17-09-2024,Weekday,Afternoon,35.96,scattered clouds,Free,Vivek Audi,0,Slow Walking,0.60,,,,,,,,,,,-110,-17,0,0,40,,,,,,,,,,Hariharan
12:19,13.0117947,80.2363375,0.0010000000474974513,0.01899999938905239,29,4G,Jio,Tuesday,17-09-2024,Weekday,Afternoon,35.96,scattered clouds,Free,Vivek Audi,0,Slow Walking,0.67,,,,,,,,,,,-112,-18,0,0,40,,,,,,,,,,Hariharan
12:19,13.0117947,80.2363375,0.0010000000474974513,0.01899999938905239,29,4G,Jio,Tuesday,17-09-2024,Weekday,Afternoon,35.96,scattered clouds,Free,Vivek Audi,0,Slow Walking,0.67,,,,,,,,,,,-107,-17,0,0,40,,,,,,,,,,Hariharan
12:19,13.0115356,80.2359025,295.1419982910156,5.013000011444092,10,4G,Airtel,Tuesday,17-09-2024,Weekday,Afternoon,35.92,scattered clouds,Moderate,maths department road,0,Slow Walking,0.25,,,,,,,,,,,-103,-17,0,2147483647,3,,-105,,,,,,,,Yazhiniyan
12:19,13.011541,80.2359647,295.1419982910156,5.013000011444092,10,4G,Airtel,Tuesday,17-09-2024,Weekday,Afternoon,35.92,scattered clouds,Moderate,maths department road,0,Walking,0.75,,,,,,,,,,,-104,-20,0,2147483647,3,,-104,,,,,,,,Yazhiniyan
12:19,13.0115445,80.235988,295.1419982910156,5.013000011444092,10,4G,Airtel,Tuesday,17-09-2024,Weekday,Afternoon,35.92,scattered clouds,Moderate,maths department road,0,Slow Walking,0.62,,,,,,,,,,,-102,-20,0,2147483647,3,,-44,,,,,,,,Yazhiniyan
12:20,13.0115457,80.2359982,295.1419982910156,5.013000011444092,10,4G,Airtel,Tuesday,17-09-2024,Weekday,Afternoon,35.92,scattered clouds,Moderate,maths department road,0,Slow Walking,0.59,,,,,,,,,,,-102,-20,0,2147483647,3,,-44,,,,,,,,Yazhiniyan
12:20,13.0115428,80.2359981,295.1419982910156,5.013000011444092,10,4G,Airtel,Tuesday,17-09-2024,Weekday,Afternoon,35.92,scattered clouds,Moderate,maths department road,0,Slow Walking,0.59,,,,,,,,,,,-100,-17,0,2147483647,3,,-44,,,,,,,,Yazhiniyan
12:20,13.0115484,80.2360055,295.1419982910156,5.013000011444092,10,4G,Airtel,Tuesday,17-09-2024,Weekday,Afternoon,35.92,scattered clouds,Moderate,maths department road,0,Slow Walking,0.59,,,,,,,,,,,-103,-18,0,2147483647,3,,-44,,,,,,,,Yazhiniyan
12:20,13.0115667,80.2360055,295.1419982910156,5.013000011444092,10,4G,Airtel,Tuesday,17-09-2024,Weekday,Afternoon,35.92,scattered clouds,Moderate,maths department road,0,Walking,0.72,,,,,,,,,,,-102,-19,0,2147483647,3,,-104,,,,,,,,Yazhiniyan
12:20,13.0115813,80.2360155,295.1419982910156,5.013000011444092,10,4G,Airtel,Tuesday,17-09-2024,Weekday,Afternoon,35.92,scattered clouds,Moderate,maths department road,0,Walking,0.78,,,,,,,,,,,-102,-19,0,2147483647,3,,-104,,,,,,,,Yazhiniyan
12:20,13.0115477,80.236059,295.1419982910156,5.013000011444092,10,4G,Airtel,Tuesday,17-09-2024,Weekday,Afternoon,35.92,scattered clouds,Moderate,maths department road,0,Walking,0.90,,,,,,,,,,,-95,-15,0,2147483647,3,,-108,,,,,,,,Yazhiniyan
12:20,13.011541,80.2360671,295.1419982910156,5.013000011444092,10,4G,Airtel,Tuesday,17-09-2024,Weekday,Afternoon,35.92,scattered clouds,Moderate,maths department road,0,Walking,0.90,,,,,,,,,,,-95,-15,0,2147483647,3,,-108,,,,,,,,Yazhiniyan
12:20,13.011523,80.2361116,295.1419982910156,5.013000011444092,10,4G,Airtel,Tuesday,17-09-2024,Weekday,Afternoon,35.92,scattered clouds,Moderate,maths department road,0,Walking,0.73,,,,,,,,,,,-95,-14,0,2147483647,3,,-109,,,,,,,,Yazhiniyan
12:20,13.0115184,80.2361231,295.1419982910156,5.013000011444092,10,4G,Airtel,Tuesday,17-09-2024,Weekday,Afternoon,35.92,scattered clouds,Moderate,maths department road,0,Walking,1.12,,,,,,,,,,,-96,-15,0,2147483647,3,,-109,,,,,,,,Yazhiniyan
12:20,13.0115165,80.2361314,295.1419982910156,5.013000011444092,10,4G,Airtel,Tuesday,17-09-2024,Weekday,Afternoon,35.92,scattered clouds,Moderate,maths department road,0,Walking,1.12,,,,,,,,,,,-96,-15,0,2147483647,3,,-109,,,,,,,,Yazhiniyan
12:20,13.0114977,80.2361192,295.1419982910156,5.013000011444092,10,4G,Airtel,Tuesday,17-09-2024,Weekday,Afternoon,35.92,scattered clouds,Moderate,maths department road,0,Running,1.41,,,,,,,,,,,-95,-15,0,2147483647,3,,-100,,,,,,,,Yazhiniyan
12:20,13.0114524,80.2361402,295.1419982910156,5.013000011444092,10,4G,Airtel,Tuesday,17-09-2024,Weekday,Afternoon,35.92,scattered clouds,Moderate,maths department road,0,Slow Walking,0.34,,,,,,,,,,,-93,-14,0,2147483647,3,,-108,,,,,,,,Yazhiniyan
12:20,13.0114555,80.2361432,295.1419982910156,5.013000011444092,10,4G,Airtel,Tuesday,17-09-2024,Weekday,Afternoon,35.92,scattered clouds,Moderate,maths department road,0,Slow Walking,0.34,,,,,,,,,,,-92,-15,0,2147483647,3,,-108,,,,,,,,Yazhiniyan
12:20,13.0114493,80.2361433,295.1419982910156,5.013000011444092,10,4G,Airtel,Tuesday,17-09-2024,Weekday,Afternoon,35.92,scattered clouds,Moderate,maths department road,0,Slow Walking,0.34,,,,,,,,,,,-90,-15,0,2147483647,3,,-108,,,,,,,,Yazhiniyan
12:20,13.011447,80.2361949,295.1419982910156,5.013000011444092,10,4G,Airtel,Tuesday,17-09-2024,Weekday,Afternoon,35.92,scattered clouds,Moderate,maths department road,0,Walking,0.75,,,,,,,,,,,-92,-16,0,2147483647,3,,-108,,,,,,,,Yazhiniyan
12:20,13.011447,80.2361949,295.1419982910156,5.013000011444092,10,4G,Airtel,Tuesday,17-09-2024,Weekday,Afternoon,35.92,scattered clouds,Moderate,maths department road,0,Walking,0.75,,,,,,,,,,,-93,-15,0,2147483647,3,,-108,,,,,,,,Yazhiniyan
17:41,13.0133689,80.2366628,0.0,0.0,0,4G,Airtel,Wednesday,18-09-2024,Weekday,Evening,32.24,scattered clouds,Crowded,Bluewhed,0,No movement,0.00,,,,,,,,,,,-109,-20,0,2147483647,3,,,,,,,,,,Yuvaraj
17:41,13.0134077,80.2364671,18.816999435424805,0.13699999451637268,35,4G,Airtel,Wednesday,18-09-2024,Weekday,Evening,32.24,scattered clouds,Crowded,Bluewhed,0,Slow Walking,0.49,,,,,,,,,,,-108,-17,0,2147483647,3,,,,,,,,,,Yuvaraj
17:41,13.0133973,80.2364685,18.816999435424805,0.13699999451637268,35,4G,Airtel,Wednesday,18-09-2024,Weekday,Evening,32.24,scattered clouds,Crowded,Bluewhed,0,Slow Walking,0.49,,,,,,,,,,,-108,-17,0,2147483647,3,,,,,,,,,,Yuvaraj
17:41,13.0133868,80.2364777,18.816999435424805,0.13699999451637268,35,4G,Airtel,Wednesday,18-09-2024,Weekday,Evening,32.24,scattered clouds,Crowded,Bluewhed,0,Slow Walking,0.49,,,,,,,,,,,-108,-17,0,2147483647,3,,,,,,,,,,Yuvaraj
17:42,13.013418,80.2367468,19.474,0.0,28,4G,Airtel,Wednesday,18-09-2024,Weekday,Evening,32.24,scattered clouds,Moderate,Blueshed,0,Walking,0.83,,,,,,,,,,,-85,-10,0,2147483647,3,,-110,,,,,,,,Yuvaraj
17:42,13.0134214,80.2367412,19.474,0.0,28,4G,Airtel,Wednesday,18-09-2024,Weekday,Evening,32.24,scattered clouds,Moderate,Blueshed,0,Walking,0.83,,,,,,,,,,,-93,-11,0,2147483647,3,,-110,,,,,,,,Yuvaraj
17:42,13.0134454,80.2367575,19.474,0.0,28,4G,Airtel,Wednesday,18-09-2024,Weekday,Evening,32.24,scattered clouds,Moderate,Blueshed,0,Walking,0.73,,,,,,,,,,,-88,-10,0,2147483647,3,,-44,,,,,,,,Yuvaraj
17:42,13.0134567,80.2367636,19.474000930786133,0.4699999988079071,28,4G,Airtel,Wednesday,18-09-2024,Weekday,Evening,32.24,scattered clouds,Moderate,Blueshed,0,Slow Walking,0.68,,,,,,,,,,,-87,-11,0,2147483647,3,,-44,,,,,,,,Yuvaraj
17:42,13.0134711,80.2367616,19.474000930786133,0.4699999988079071,28,4G,Airtel,Wednesday,18-09-2024,Weekday,Evening,32.24,scattered clouds,Moderate,Blueshed,0,Slow Walking,0.68,,,,,,,,,,,-87,-11,0,2147483647,3,,-44,,,,,,,,Yuvaraj
17:43,13.0134789,80.2367625,19.474000930786133,0.4699999988079071,28,4G,Airtel,Wednesday,18-09-2024,Weekday,Evening,32.24,scattered clouds,Moderate,Blueshed,0,Walking,0.72,,,,,,,,,,,-87,-11,0,2147483647,3,,-44,,,,,,,,Yuvaraj
17:43,13.0134965,80.2367653,19.474000930786133,0.4699999988079071,28,4G,Airtel,Wednesday,18-09-2024,Weekday,Evening,32.24,scattered clouds,Moderate,Blueshed,0,Walking,0.72,,,,,,,,,,,-90,-11,0,2147483647,3,,-44,,,,,,,,Yuvaraj
17:41,13.013234,80.2364051,0.0,0.0,17,4G,Airtel,Wednesday,18-09-2024,Weekday,Evening,32.24,scattered clouds,Free,blue shed ,0,No movement,0.00,,,,,,,,,,,-109,-20,0,2147483647,3,,,,,,,,,,Yazhiniyan 
17:42,13.0133765,80.2367326,4.906000137329102,0.24799999594688416,18,4G,Airtel,Wednesday,18-09-2024,Weekday,Evening,32.24,scattered clouds,Free,blue shed ,0,Walking,0.91,,,,,,,,,,,-97,-11,0,2147483647,3,,-44,,,,,,,,Yazhiniyan 
17:42,13.0133864,80.2367426,4.906000137329102,0.24799999594688416,18,4G,Airtel,Wednesday,18-09-2024,Weekday,Evening,32.24,scattered clouds,Free,blue shed ,0,Slow Walking,0.56,,,,,,,,,,,-91,-11,0,2147483647,3,,-44,,,,,,,,Yazhiniyan 
17:42,13.013398,80.2367612,4.906000137329102,0.24799999594688416,18,4G,Airtel,Wednesday,18-09-2024,Weekday,Evening,32.24,scattered clouds,Free,blue shed ,0,Slow Walking,0.56,,,,,,,,,,,-93,-11,0,2147483647,3,,-44,,,,,,,,Yazhiniyan 
17:42,13.0134095,80.2367672,4.906000137329102,0.24799999594688416,18,4G,Airtel,Wednesday,18-09-2024,Weekday,Evening,32.24,scattered clouds,Free,blue shed ,0,Walking,0.84,,,,,,,,,,,-93,-11,0,2147483647,3,,-44,,,,,,,,Yazhiniyan 
17:42,13.0134219,80.2367757,4.906000137329102,0.24799999594688416,18,4G,Airtel,Wednesday,18-09-2024,Weekday,Evening,32.24,scattered clouds,Free,blue shed ,0,Walking,0.84,,,,,,,,,,,-90,-10,0,2147483647,3,,-44,,,,,,,,Yazhiniyan 
17:42,13.0134432,80.2367903,4.906000137329102,0.24799999594688416,18,4G,Airtel,Wednesday,18-09-2024,Weekday,Evening,32.24,scattered clouds,Free,blue shed ,0,Walking,0.82,,,,,,,,,,,-100,-18,0,2147483647,3,,-44,,,,,,,,Yazhiniyan 
17:42,13.0134782,80.2367796,4.906000137329102,0.24799999594688416,18,4G,Airtel,Wednesday,18-09-2024,Weekday,Evening,32.24,scattered clouds,Free,blue shed ,0,Walking,0.82,,,,,,,,,,,-88,-11,0,2147483647,3,,-44,,,,,,,,Yazhiniyan 
17:43,13.0134902,80.236783,4.906000137329102,0.24799999594688416,18,4G,Airtel,Wednesday,18-09-2024,Weekday,Evening,32.24,scattered clouds,Free,blue shed ,0,Walking,0.86,,,,,,,,,,,-88,-11,0,2147483647,3,,-44,,,,,,,,Yazhiniyan 
17:43,13.0135157,80.2367868,4.906000137329102,0.24799999594688416,18,4G,Airtel,Wednesday,18-09-2024,Weekday,Evening,32.24,scattered clouds,Free,blue shed ,0,Walking,0.86,,,,,,,,,,,-89,-11,0,2147483647,3,,-44,,,,,,,,Yazhiniyan 
17:43,13.0135255,80.2367821,4.906000137329102,0.24799999594688416,18,4G,Airtel,Wednesday,18-09-2024,Weekday,Evening,32.24,scattered clouds,Free,blue shed ,0,Walking,0.90,,,,,,,,,,,-82,-10,0,2147483647,3,,-44,,,,,,,,Yazhiniyan 
17:43,13.0135356,80.2367817,4.906000137329102,0.24799999594688416,18,4G,Airtel,Wednesday,18-09-2024,Weekday,Evening,32.24,scattered clouds,Free,blue shed ,0,Walking,0.90,,,,,,,,,,,-86,-10,0,2147483647,3,,-44,,,,,,,,Yazhiniyan 
17:43,13.0135851,80.2367845,4.906000137329102,0.24799999594688416,18,4G,Airtel,Wednesday,18-09-2024,Weekday,Evening,32.24,scattered clouds,Free,blue shed ,0,Walking,0.73,,,,,,,,,,,-92,-11,0,2147483647,3,,-44,,,,,,,,Yazhiniyan 
17:43,13.0135885,80.2367845,4.906000137329102,0.24799999594688416,18,4G,Airtel,Wednesday,18-09-2024,Weekday,Evening,32.24,scattered clouds,Free,blue shed ,0,Walking,0.91,,,,,,,,,,,-92,-11,0,2147483647,3,,-44,,,,,,,,Yazhiniyan 
17:43,13.0136113,80.2367843,4.906000137329102,0.24799999594688416,18,4G,Airtel,Wednesday,18-09-2024,Weekday,Evening,32.24,scattered clouds,Free,blue shed ,0,Walking,0.91,,,,,,,,,,,-92,-11,0,2147483647,3,,-44,,,,,,,,Yazhiniyan 
17:43,13.0136188,80.2367852,4.906000137329102,0.24799999594688416,18,4G,Airtel,Wednesday,18-09-2024,Weekday,Evening,32.24,scattered clouds,Free,blue shed ,0,Walking,0.97,,,,,,,,,,,-86,-11,0,2147483647,3,,-44,,,,,,,,Yazhiniyan 
17:43,13.0136519,80.236791,4.906000137329102,0.24799999594688416,18,4G,Airtel,Wednesday,18-09-2024,Weekday,Evening,32.24,scattered clouds,Free,blue shed ,0,Walking,0.97,,,,,,,,,,,-89,-10,0,2147483647,3,,-105,,,,,,,,Yazhiniyan 
17:43,13.0136842,80.2368007,4.906000137329102,0.24799999594688416,18,4G,Airtel,Wednesday,18-09-2024,Weekday,Evening,32.24,scattered clouds,Free,blue shed ,0,Walking,0.93,,,,,,,,,,,-87,-10,0,2147483647,3,,-105,,,,,,,,Yazhiniyan 
17:43,13.0136969,80.236802,4.906000137329102,0.24799999594688416,18,4G,Airtel,Wednesday,18-09-2024,Weekday,Evening,32.24,scattered clouds,Free,blue shed ,0,Walking,0.93,,,,,,,,,,,-88,-10,0,2147483647,3,,-105,,,,,,,,Yazhiniyan 
17:43,13.0137158,80.2368095,4.906000137329102,0.24799999594688416,18,4G,Airtel,Wednesday,18-09-2024,Weekday,Evening,32.24,scattered clouds,Free,blue shed ,0,Walking,0.93,,,,,,,,,,,-87,-10,0,2147483647,3,,-105,,,,,,,,Yazhiniyan 
17:43,13.0137191,80.2368067,4.906000137329102,0.24799999594688416,18,4G,Airtel,Wednesday,18-09-2024,Weekday,Evening,32.24,scattered clouds,Free,blue shed ,0,Walking,0.93,,,,,,,,,,,-87,-10,0,2147483647,3,,-105,,,,,,,,Yazhiniyan 
17:43,13.0137297,80.2368075,4.906000137329102,0.24799999594688416,18,4G,Airtel,Wednesday,18-09-2024,Weekday,Evening,32.24,scattered clouds,Free,blue shed ,0,Walking,0.93,,,,,,,,,,,-87,-10,0,2147483647,3,,-105,,,,,,,,Yazhiniyan 
17:44,13.0142158,80.2368845,7.175000190734863,0.026000000536441803,18,4G,Airtel,Wednesday,18-09-2024,Weekday,Evening,32.24,scattered clouds,Free,blue shed ,0,Walking,0.79,,,,,,,,,,,-88,-10,0,2147483647,3,,-44,,,,,,,,Yazhiniyan 
17:44,13.0142265,80.236889,7.175000190734863,0.026000000536441803,18,4G,Airtel,Wednesday,18-09-2024,Weekday,Evening,32.24,scattered clouds,Free,blue shed ,0,Walking,0.79,,,,,,,,,,,-88,-10,0,2147483647,3,,-44,,,,,,,,Yazhiniyan 
17:44,13.0142383,80.2368891,7.175000190734863,0.026000000536441803,18,4G,Airtel,Wednesday,18-09-2024,Weekday,Evening,32.24,scattered clouds,Free,blue shed ,0,Walking,0.74,,,,,,,,,,,-86,-9,0,2147483647,3,,-44,,,,,,,,Yazhiniyan 
17:44,13.014251,80.23689,7.175000190734863,0.026000000536441803,18,4G,Airtel,Wednesday,18-09-2024,Weekday,Evening,32.24,scattered clouds,Free,blue shed ,0,Walking,0.74,,,,,,,,,,,-93,-10,0,2147483647,3,,-44,,,,,,,,Yazhiniyan 
17:44,13.0142844,80.2368877,7.175000190734863,0.026000000536441803,18,4G,Airtel,Wednesday,18-09-2024,Weekday,Evening,32.24,scattered clouds,Free,blue shed ,0,Walking,0.83,,,,,,,,,,,-89,-10,0,2147483647,3,,-44,,,,,,,,Yazhiniyan 
17:44,13.0142939,80.2368921,7.175000190734863,0.026000000536441803,18,4G,Airtel,Wednesday,18-09-2024,Weekday,Evening,32.24,scattered clouds,Free,blue shed ,0,Walking,0.83,,,,,,,,,,,-92,-10,0,2147483647,3,,-44,,,,,,,,Yazhiniyan 
17:44,13.0143114,80.2368976,7.175000190734863,0.026000000536441803,18,4G,Airtel,Wednesday,18-09-2024,Weekday,Evening,32.24,scattered clouds,Free,blue shed ,0,Walking,0.76,,,,,,,,,,,-87,-10,0,2147483647,3,,-44,,,,,,,,Yazhiniyan 
17:47,13.014542,80.2374891,0.45,0.0,64,4G,Airtel,Wednesday,18-09-2024,Weekday,Evening,32.24,scattered clouds,Crowded,Hostel Road 1,0,Not Detected,0.0,,,,,,,,,,,-111,-19,0,2147483647,3,,,,,,,,,,Yuvaraj
17:47,13.0145646,80.2375126,0.45,0.0,64,4G,Airtel,Wednesday,18-09-2024,Weekday,Evening,32.24,scattered clouds,Crowded,Hostel Road 1,0,Slow Walking,0.65,,,,,,,,,,,-111,-19,0,2147483647,3,,,,,,,,,,Yuvaraj
17:47,13.014549,80.2376242,0.45,0.0,64,4G,Airtel,Wednesday,18-09-2024,Weekday,Evening,32.24,scattered clouds,Crowded,Hostel Road 1,0,Slow Walking,0.68,,,,,,,,,,,-112,-20,0,2147483647,3,,,,,,,,,,Yuvaraj
17:47,13.0145264,80.2376552,0.45,0.0,64,4G,Airtel,Wednesday,18-09-2024,Weekday,Evening,32.24,scattered clouds,Crowded,Hostel Road 1,0,Slow Walking,0.68,,,,,,,,,,,-112,-20,0,2147483647,3,,,,,,,,,,Yuvaraj
17:47,13.0145264,80.2376552,0.45,0.0,64,4G,Airtel,Wednesday,18-09-2024,Weekday,Evening,32.24,scattered clouds,Crowded,Hostel Road 1,0,Slow Walking,0.68,,,,,,,,,,,-102,-11,0,2147483647,3,,,,,,,,,,Yuvaraj
17:47,13.0145198,80.237668,0.45,0.0,64,4G,Airtel,Wednesday,18-09-2024,Weekday,Evening,32.24,scattered clouds,Crowded,Hostel Road 1,0,Slow Walking,0.68,,,,,,,,,,,-102,-11,0,2147483647,3,,,,,,,,,,Yuvaraj
17:47,13.014525,80.2376891,0.45,0.0,64,4G,Airtel,Wednesday,18-09-2024,Weekday,Evening,32.24,scattered clouds,Crowded,Hostel Road 1,0,Walking,0.81,,,,,,,,,,,-102,-11,0,2147483647,3,,,,,,,,,,Yuvaraj
17:47,13.0145034,80.2377091,0.45,0.0,64,4G,Airtel,Wednesday,18-09-2024,Weekday,Evening,32.24,scattered clouds,Crowded,Hostel Road 1,0,Walking,0.81,,,,,,,,,,,-111,-20,0,2147483647,3,,,,,,,,,,Yuvaraj
17:47,13.0144895,80.2377275,0.45,0.0,64,4G,Airtel,Wednesday,18-09-2024,Weekday,Evening,32.24,scattered clouds,Crowded,Hostel Road 1,0,Walking,0.83,,,,,,,,,,,-111,-20,0,2147483647,3,,,,,,,,,,Yuvaraj
17:47,13.0144838,80.2377504,0.45,0.0,64,4G,Airtel,Wednesday,18-09-2024,Weekday,Evening,32.24,scattered clouds,Crowded,Hostel Road 1,0,Walking,0.83,,,,,,,,,,,-114,-20,0,2147483647,3,,,,,,,,,,Yuvaraj
17:47,13.014475,80.2377654,0.45,0.0,64,4G,Airtel,Wednesday,18-09-2024,Weekday,Evening,32.24,scattered clouds,Crowded,Hostel Road 1,0,Walking,0.79,,,,,,,,,,,-114,-20,0,2147483647,3,,,,,,,,,,Yuvaraj
17:47,13.014463,80.2377768,0.45,0.0,64,4G,Airtel,Wednesday,18-09-2024,Weekday,Evening,32.24,scattered clouds,Crowded,Hostel Road 1,0,Walking,0.79,,,,,,,,,,,-114,-20,0,2147483647,3,,,,,,,,,,Yuvaraj
17:48,13.0143948,80.2383172,0.691,0.0,49,4G,Airtel,Wednesday,18-09-2024,Weekday,Evening,32.24,scattered clouds,Free,Hostel Road 1,0,Slow Walking,0.65,,,,,,,,,,,-108,-19,0,2147483647,3,,,,,,,,,,Yuvaraj
17:48,13.014396,80.2383437,0.691,0.0,49,4G,Airtel,Wednesday,18-09-2024,Weekday,Evening,32.24,scattered clouds,Free,Hostel Road 1,0,Slow Walking,0.65,,,,,,,,,,,-108,-19,0,2147483647,3,,,,,,,,,,Yuvaraj
17:48,13.014398,80.2383485,0.691,0.0,49,4G,Airtel,Wednesday,18-09-2024,Weekday,Evening,32.24,scattered clouds,Free,Hostel Road 1,0,Walking,0.71,,,,,,,,,,,-98,-11,0,2147483647,3,,,,,,,,,,Yuvaraj
17:48,13.0143955,80.2383635,0.6909999847412109,0.13699999451637268,49,4G,Airtel,Wednesday,18-09-2024,Weekday,Evening,32.24,scattered clouds,Free,Hostel Road 1,0,Walking,0.71,,,,,,,,,,,-98,-11,0,2147483647,3,,,,,,,,,,Yuvaraj
17:48,13.0143944,80.2383842,0.6909999847412109,0.13699999451637268,49,4G,Airtel,Wednesday,18-09-2024,Weekday,Evening,32.24,scattered clouds,Free,Hostel Road 1,0,Walking,0.77,,,,,,,,,,,-107,-19,0,2147483647,3,,,,,,,,,,Yuvaraj
17:48,13.0143886,80.2383957,0.6909999847412109,0.13699999451637268,49,4G,Airtel,Wednesday,18-09-2024,Weekday,Evening,32.24,scattered clouds,Free,Hostel Road 1,0,Walking,0.77,,,,,,,,,,,-107,-19,0,2147483647,3,,,,,,,,,,Yuvaraj
17:49,13.0143803,80.2384131,0.6909999847412109,0.13699999451637268,49,4G,Airtel,Wednesday,18-09-2024,Weekday,Evening,32.24,scattered clouds,Free,Hostel Road 1,0,Walking,0.77,,,,,,,,,,,-107,-19,0,2147483647,3,,,,,,,,,,Yuvaraj
17:49,13.0143752,80.2384152,0.6909999847412109,0.13699999451637268,49,4G,Airtel,Wednesday,18-09-2024,Weekday,Evening,32.24,scattered clouds,Free,Hostel Road 1,0,Walking,0.74,,,,,,,,,,,-103,-17,0,2147483647,3,,,,,,,,,,Yuvaraj
17:49,13.0143662,80.2384272,0.6909999847412109,0.13699999451637268,49,4G,Airtel,Wednesday,18-09-2024,Weekday,Evening,32.24,scattered clouds,Free,Hostel Road 1,0,Walking,0.74,,,,,,,,,,,-103,-17,0,2147483647,3,,,,,,,,,,Yuvaraj
17:49,13.0143722,80.238439,0.6909999847412109,0.13699999451637268,49,4G,Airtel,Wednesday,18-09-2024,Weekday,Evening,32.24,scattered clouds,Free,Hostel Road 1,0,Slow Walking,0.59,,,,,,,,,,,-105,-18,0,2147483647,3,,,,,,,,,,Yuvaraj
17:49,13.0143679,80.2384502,0.6909999847412109,0.13699999451637268,49,4G,Airtel,Wednesday,18-09-2024,Weekday,Evening,32.24,scattered clouds,Free,Hostel Road 1,0,Slow Walking,0.59,,,,,,,,,,,-105,-18,0,2147483647,3,,,,,,,,,,Yuvaraj
17:49,13.0143672,80.2384685,0.6909999847412109,0.13699999451637268,49,4G,Airtel,Wednesday,18-09-2024,Weekday,Evening,32.24,scattered clouds,Free,Hostel Road 1,0,Slow Walking,0.62,,,,,,,,,,,-105,-18,0,2147483647,3,,,,,,,,,,Yuvaraj
17:49,13.014371,80.2384814,0.6909999847412109,0.13699999451637268,49,4G,Airtel,Wednesday,18-09-2024,Weekday,Evening,32.24,scattered clouds,Free,Hostel Road 1,0,Slow Walking,0.62,,,,,,,,,,,-106,-18,0,2147483647,3,,,,,,,,,,Yuvaraj
17:49,13.0143678,80.2384963,0.6909999847412109,0.13699999451637268,49,4G,Airtel,Wednesday,18-09-2024,Weekday,Evening,32.24,scattered clouds,Free,Hostel Road 1,0,Slow Walking,0.62,,,,,,,,,,,-106,-18,0,2147483647,3,,,,,,,,,,Yuvaraj
17:49,13.0143738,80.2385093,0.6909999847412109,0.13699999451637268,49,4G,Airtel,Wednesday,18-09-2024,Weekday,Evening,32.24,scattered clouds,Free,Hostel Road 1,0,Slow Walking,0.63,,,,,,,,,,,-106,-20,0,2147483647,3,,,,,,,,,,Yuvaraj
17:49,13.0143729,80.2385236,0.6909999847412109,0.13699999451637268,49,4G,Airtel,Wednesday,18-09-2024,Weekday,Evening,32.24,scattered clouds,Free,Hostel Road 1,0,Slow Walking,0.63,,,,,,,,,,,-106,-20,0,2147483647,3,,,,,,,,,,Yuvaraj
17:49,13.0143707,80.238541,0.6909999847412109,0.13699999451637268,49,4G,Airtel,Wednesday,18-09-2024,Weekday,Evening,32.24,scattered clouds,Free,Hostel Road 1,0,Walking,0.84,,,,,,,,,,,-106,-20,0,2147483647,3,,,,,,,,,,Yuvaraj
17:49,13.0143657,80.2385491,0.6909999847412109,0.13699999451637268,49,4G,Airtel,Wednesday,18-09-2024,Weekday,Evening,32.24,scattered clouds,Free,Hostel Road 1,0,Walking,0.84,,,,,,,,,,,-97,-11,0,2147483647,3,,,,,,,,,,Yuvaraj
17:48,13.0144574,80.2376126,7.841000080108643,0.06499999761581421,30,4G,Airtel,Wednesday,18-09-2024,Weekday,Evening,32.24,scattered clouds,Free,hostel road 1,0,Walking,0.70,,,,,,,,,,,-106,-20,0,2147483647,3,,-108,,,,,,,,Yazhiniyan 
17:48,13.0144518,80.2376253,7.841000080108643,0.06499999761581421,30,4G,Airtel,Wednesday,18-09-2024,Weekday,Evening,32.24,scattered clouds,Free,hostel road 1,0,Slow Walking,0.67,,,,,,,,,,,-106,-20,0,2147483647,3,,-108,,,,,,,,Yazhiniyan 
17:48,13.0144361,80.2376721,7.841000080108643,0.06499999761581421,30,4G,Airtel,Wednesday,18-09-2024,Weekday,Evening,32.24,scattered clouds,Free,hostel road 1,0,Slow Walking,0.67,,,,,,,,,,,-106,-20,0,2147483647,3,,-108,,,,,,,,Yazhiniyan 
17:48,13.0143778,80.2378776,7.841000080108643,0.06499999761581421,30,2G,Airtel,Wednesday,18-09-2024,Weekday,Evening,32.24,scattered clouds,Free,hostel road 1,0,Walking,0.83,null,0,-113,,,,,,,,-106,-20,0,2147483647,3,,-108,,,,,,,,Yazhiniyan 
17:48,13.0143957,80.2379557,7.841000080108643,0.06499999761581421,30,2G,Airtel,Wednesday,18-09-2024,Weekday,Evening,32.24,scattered clouds,Free,hostel road 1,0,Walking,0.83,null,0,-113,,,,,,,,-106,-20,0,2147483647,3,,-108,,,,,,,,Yazhiniyan 
17:48,13.0144055,80.2379817,7.841000080108643,0.06499999761581421,30,4G,Airtel,Wednesday,18-09-2024,Weekday,Evening,32.24,scattered clouds,Free,hostel road 1,0,Walking,1.10,null,0,-113,,,,,,,,-109,-19,0,2147483647,3,,-108,,,,,,,,Yazhiniyan 
17:48,13.0144219,80.2380249,7.841000080108643,0.06499999761581421,30,4G,Airtel,Wednesday,18-09-2024,Weekday,Evening,32.24,scattered clouds,Free,hostel road 1,0,Walking,1.10,null,0,-113,,,,,,,,-109,-19,0,2147483647,3,,-108,,,,,,,,Yazhiniyan 
17:48,13.0144344,80.2380492,7.841000080108643,0.06499999761581421,30,4G,Airtel,Wednesday,18-09-2024,Weekday,Evening,32.24,scattered clouds,Free,hostel road 1,0,Walking,1.10,null,0,-113,,,,,,,,-109,-19,0,2147483647,3,,-108,,,,,,,,Yazhiniyan 
17:48,13.0144363,80.2380659,7.841000080108643,0.06499999761581421,30,4G,Airtel,Wednesday,18-09-2024,Weekday,Evening,32.24,scattered clouds,Free,hostel road 1,0,Walking,1.00,null,0,-113,,,,,,,,-109,-19,0,2147483647,3,,-108,,,,,,,,Yazhiniyan 
17:48,13.0144366,80.2380981,7.841000080108643,0.06499999761581421,30,4G,Airtel,Wednesday,18-09-2024,Weekday,Evening,32.24,scattered clouds,Free,hostel road 1,0,Walking,1.00,null,0,-113,,,,,,,,-109,-19,0,2147483647,3,,-108,,,,,,,,Yazhiniyan 
17:48,13.0144424,80.2381226,7.841000080108643,0.06499999761581421,30,4G,Airtel,Wednesday,18-09-2024,Weekday,Evening,32.24,scattered clouds,Free,hostel road 1,0,Walking,0.96,null,0,-113,,,,,,,,-106,-20,0,2147483647,3,,-108,,,,,,,,Yazhiniyan 
17:48,13.0144358,80.2381638,7.841000080108643,0.06499999761581421,30,4G,Airtel,Wednesday,18-09-2024,Weekday,Evening,32.24,scattered clouds,Free,hostel road 1,0,Walking,0.96,null,0,-113,,,,,,,,-106,-20,0,2147483647,3,,-108,,,,,,,,Yazhiniyan 
17:48,13.014424,80.2382052,7.841000080108643,0.06499999761581421,30,4G,Airtel,Wednesday,18-09-2024,Weekday,Evening,32.24,scattered clouds,Free,hostel road 1,0,Walking,0.91,null,0,-113,,,,,,,,-112,-20,0,2147483647,3,,-108,,,,,,,,Yazhiniyan 
17:48,13.014423,80.238229,7.841000080108643,0.06499999761581421,30,4G,Airtel,Wednesday,18-09-2024,Weekday,Evening,32.24,scattered clouds,Free,hostel road 1,0,Walking,0.91,null,0,-113,,,,,,,,-112,-20,0,2147483647,3,,-108,,,,,,,,Yazhiniyan 
17:48,13.0144165,80.2382615,7.841000080108643,0.06499999761581421,30,4G,Airtel,Wednesday,18-09-2024,Weekday,Evening,32.24,scattered clouds,Free,hostel road 1,0,Walking,0.91,null,0,-113,,,,,,,,-112,-20,0,2147483647,3,,-108,,,,,,,,Yazhiniyan 
17:48,13.0144174,80.2382868,7.841000080108643,0.06499999761581421,30,4G,Airtel,Wednesday,18-09-2024,Weekday,Evening,32.24,scattered clouds,Free,hostel road 1,0,Walking,0.94,null,0,-113,,,,,,,,-107,-17,0,2147483647,3,,-108,,,,,,,,Yazhiniyan 
17:48,13.0144147,80.2383117,7.841000080108643,0.06499999761581421,30,4G,Airtel,Wednesday,18-09-2024,Weekday,Evening,32.24,scattered clouds,Free,hostel road 1,0,Walking,0.94,null,0,-113,,,,,,,,-107,-17,0,2147483647,3,,-108,,,,,,,,Yazhiniyan 
17:48,13.0144122,80.2383362,7.841000080108643,0.06499999761581421,30,4G,Airtel,Wednesday,18-09-2024,Weekday,Evening,32.24,scattered clouds,Free,hostel road 1,0,Walking,0.94,null,0,-113,,,,,,,,-106,-17,0,2147483647,3,,-108,,,,,,,,Yazhiniyan 
17:48,13.0144132,80.2383508,7.841000080108643,0.06499999761581421,30,4G,Airtel,Wednesday,18-09-2024,Weekday,Evening,32.24,scattered clouds,Free,hostel road 1,0,Walking,0.98,null,0,-113,,,,,,,,-106,-17,0,2147483647,3,,-108,,,,,,,,Yazhiniyan 
17:48,13.0144033,80.2383708,7.841000080108643,0.06499999761581421,30,4G,Airtel,Wednesday,18-09-2024,Weekday,Evening,32.24,scattered clouds,Free,hostel road 1,0,Walking,0.98,null,0,-113,,,,,,,,-106,-17,0,2147483647,3,,-108,,,,,,,,Yazhiniyan 
17:48,13.0144056,80.2383949,7.841000080108643,0.06499999761581421,30,4G,Airtel,Wednesday,18-09-2024,Weekday,Evening,32.24,scattered clouds,Free,hostel road 1,0,Walking,0.98,null,0,-113,,,,,,,,-107,-17,0,2147483647,3,,-108,,,,,,,,Yazhiniyan 
17:49,13.0144034,80.2384067,7.841000080108643,0.06499999761581421,30,4G,Airtel,Wednesday,18-09-2024,Weekday,Evening,32.24,scattered clouds,Free,hostel road 1,0,Walking,0.92,null,0,-113,,,,,,,,-107,-17,0,2147483647,3,,-108,,,,,,,,Yazhiniyan 
17:49,13.0143905,80.2384158,7.841000080108643,0.06499999761581421,30,4G,Airtel,Wednesday,18-09-2024,Weekday,Evening,32.24,scattered clouds,Free,hostel road 1,0,Walking,0.92,null,0,-113,,,,,,,,-107,-17,0,2147483647,3,,-108,,,,,,,,Yazhiniyan 
17:49,13.0143855,80.2384304,7.841000080108643,0.06499999761581421,30,4G,Airtel,Wednesday,18-09-2024,Weekday,Evening,32.24,scattered clouds,Free,hostel road 1,0,Slow Walking,0.66,null,0,-113,,,,,,,,-102,-17,0,2147483647,3,,-108,,,,,,,,Yazhiniyan 
17:49,13.0143854,80.2384396,7.841000080108643,0.06499999761581421,30,4G,Airtel,Wednesday,18-09-2024,Weekday,Evening,32.24,scattered clouds,Free,hostel road 1,0,Slow Walking,0.66,null,0,-113,,,,,,,,-102,-17,0,2147483647,3,,-108,,,,,,,,Yazhiniyan 
17:49,13.0143828,80.2384593,7.841000080108643,0.06499999761581421,30,4G,Airtel,Wednesday,18-09-2024,Weekday,Evening,32.24,scattered clouds,Free,hostel road 1,0,Walking,0.74,null,0,-113,,,,,,,,-97,-11,0,2147483647,3,,-108,,,,,,,,Yazhiniyan 
17:49,13.0143812,80.2384637,7.841000080108643,0.06499999761581421,30,4G,Airtel,Wednesday,18-09-2024,Weekday,Evening,32.24,scattered clouds,Free,hostel road 1,0,Walking,0.74,null,0,-113,,,,,,,,-97,-11,0,2147483647,3,,-108,,,,,,,,Yazhiniyan 
17:49,13.0143839,80.2384771,7.841000080108643,0.06499999761581421,30,4G,Airtel,Wednesday,18-09-2024,Weekday,Evening,32.24,scattered clouds,Free,hostel road 1,0,Walking,0.74,null,0,-113,,,,,,,,-97,-11,0,2147483647,3,,-108,,,,,,,,Yazhiniyan 
17:49,13.0143858,80.2384864,7.841000080108643,0.06499999761581421,30,4G,Airtel,Wednesday,18-09-2024,Weekday,Evening,32.24,scattered clouds,Free,hostel road 1,0,Slow Walking,0.63,null,0,-113,,,,,,,,-106,-17,0,2147483647,3,,-108,,,,,,,,Yazhiniyan 
17:49,13.0143825,80.2385068,7.841000080108643,0.06499999761581421,30,4G,Airtel,Wednesday,18-09-2024,Weekday,Evening,32.24,scattered clouds,Free,hostel road 1,0,Slow Walking,0.63,null,0,-113,,,,,,,,-104,-18,0,2147483647,3,,-108,,,,,,,,Yazhiniyan 
17:49,13.0143865,80.2385295,7.841000080108643,0.06499999761581421,30,4G,Airtel,Wednesday,18-09-2024,Weekday,Evening,32.24,scattered clouds,Free,hostel road 1,0,Walking,1.02,null,0,-113,,,,,,,,-105,-20,0,2147483647,3,,-108,,,,,,,,Yazhiniyan 
17:49,13.014386,80.2385412,7.841000080108643,0.06499999761581421,30,4G,Airtel,Wednesday,18-09-2024,Weekday,Evening,32.24,scattered clouds,Free,hostel road 1,0,Walking,1.02,null,0,-113,,,,,,,,-105,-19,0,2147483647,3,,-108,,,,,,,,Yazhiniyan 
17:49,13.0143652,80.2385469,7.841000080108643,0.06499999761581421,30,4G,Airtel,Wednesday,18-09-2024,Weekday,Evening,32.24,scattered clouds,Free,hostel road 1,0,Walking,0.77,null,0,-113,,,,,,,,-105,-19,0,2147483647,3,,-108,,,,,,,,Yazhiniyan 
17:49,13.0143534,80.2385589,7.841000080108643,0.06499999761581421,30,4G,Airtel,Wednesday,18-09-2024,Weekday,Evening,32.24,scattered clouds,Free,hostel road 1,0,Walking,0.77,null,0,-113,,,,,,,,-107,-20,0,2147483647,3,,-108,,,,,,,,Yazhiniyan 
17:49,13.0143528,80.2385675,7.841000080108643,0.06499999761581421,30,4G,Airtel,Wednesday,18-09-2024,Weekday,Evening,32.24,scattered clouds,Free,hostel road 1,0,Walking,0.77,null,0,-113,,,,,,,,-99,-11,0,2147483647,3,,-108,,,,,,,,Yazhiniyan 
17:49,13.014348,80.2385744,7.841000080108643,0.06499999761581421,30,4G,Airtel,Wednesday,18-09-2024,Weekday,Evening,32.24,scattered clouds,Free,hostel road 1,0,Walking,0.81,null,0,-113,,,,,,,,-99,-11,0,2147483647,3,,-108,,,,,,,,Yazhiniyan 
17:49,13.0143457,80.2385969,7.841000080108643,0.06499999761581421,30,4G,Airtel,Wednesday,18-09-2024,Weekday,Evening,32.24,scattered clouds,Free,hostel road 1,0,Walking,0.81,null,0,-113,,,,,,,,-107,-20,0,2147483647,3,,-108,,,,,,,,Yazhiniyan 
17:49,13.014348,80.2386077,7.841000080108643,0.06499999761581421,30,4G,Airtel,Wednesday,18-09-2024,Weekday,Evening,32.24,scattered clouds,Free,hostel road 1,0,Walking,0.73,null,0,-113,,,,,,,,-100,-11,0,2147483647,3,,-108,,,,,,,,Yazhiniyan 
17:49,13.0143448,80.2386236,7.841000080108643,0.06499999761581421,30,4G,Airtel,Wednesday,18-09-2024,Weekday,Evening,32.24,scattered clouds,Free,hostel road 1,0,Walking,0.73,null,0,-113,,,,,,,,-100,-11,0,2147483647,3,,-108,,,,,,,,Yazhiniyan 
17:49,13.0143472,80.2386454,7.841000080108643,0.06499999761581421,30,4G,Airtel,Wednesday,18-09-2024,Weekday,Evening,32.24,scattered clouds,Free,hostel road 1,0,Walking,0.73,null,0,-113,,,,,,,,-100,-11,0,2147483647,3,,-108,,,,,,,,Yazhiniyan 
17:49,13.014347,80.2386496,7.841000080108643,0.06499999761581421,30,4G,Airtel,Wednesday,18-09-2024,Weekday,Evening,32.24,scattered clouds,Free,hostel road 1,0,Walking,0.72,null,0,-113,,,,,,,,-102,-11,0,2147483647,3,,-108,,,,,,,,Yazhiniyan 
17:49,13.0143438,80.2386707,7.841000080108643,0.06499999761581421,30,4G,Airtel,Wednesday,18-09-2024,Weekday,Evening,32.24,scattered clouds,Free,hostel road 1,0,Walking,0.72,null,0,-113,,,,,,,,-103,-12,0,2147483647,3,,-108,,,,,,,,Yazhiniyan 
17:49,13.0143481,80.2386937,7.841000080108643,0.06499999761581421,30,4G,Airtel,Wednesday,18-09-2024,Weekday,Evening,32.24,scattered clouds,Free,hostel road 1,0,Walking,0.72,null,0,-113,,,,,,,,-111,-20,0,2147483647,3,,-108,,,,,,,,Yazhiniyan 
17:49,13.0143481,80.2386937,7.841000080108643,0.06499999761581421,30,4G,Airtel,Wednesday,18-09-2024,Weekday,Evening,32.24,scattered clouds,Free,hostel road 1,0,Slow Walking,0.69,null,0,-113,,,,,,,,-111,-20,0,2147483647,3,,-108,,,,,,,,Yazhiniyan 
17:49,13.0143432,80.2387048,7.841000080108643,0.06499999761581421,30,4G,Airtel,Wednesday,18-09-2024,Weekday,Evening,32.24,scattered clouds,Free,hostel road 1,0,Slow Walking,0.69,null,0,-113,,,,,,,,-111,-20,0,2147483647,3,,-108,,,,,,,,Yazhiniyan 
17:49,13.0143425,80.2387122,7.841000080108643,0.06499999761581421,30,4G,Airtel,Wednesday,18-09-2024,Weekday,Evening,32.24,scattered clouds,Free,hostel road 1,0,Slow Walking,0.69,null,0,-113,,,,,,,,-103,-12,0,2147483647,3,,-108,,,,,,,,Yazhiniyan 
17:49,13.0143596,80.2385679,0.6909999847412109,0.13699999451637268,49,4G,Airtel,Wednesday,18-09-2024,Weekday,Evening,32.24,scattered clouds,Free,Hostel Road 1,0,Walking,0.83,,,,,,,,,,,-97,-11,0,2147483647,3,,,,,,,,,,Yuvaraj
17:49,13.0143681,80.2385848,0.6909999847412109,0.13699999451637268,49,4G,Airtel,Wednesday,18-09-2024,Weekday,Evening,32.24,scattered clouds,Free,Hostel Road 1,0,Walking,0.83,,,,,,,,,,,-97,-11,0,2147483647,3,,,,,,,,,,Yuvaraj
17:49,13.0143658,80.2385982,0.0,0.0,0,4G,Airtel,Wednesday,18-09-2024,Weekday,Evening,32.24,scattered clouds,Free,Hostel Road 1,0,Walking,0.83,,,,,,,,,,,-97,-11,0,2147483647,3,,,,,,,,,,Yuvaraj
17:50,13.0143533,80.2388648,0.2619999945163727,0.13699999451637268,42,4G,Airtel,Wednesday,18-09-2024,Weekday,Evening,32.24,scattered clouds,Free,Hostel Road 1,0,Walking,0.76,,,,,,,,,,,-108,-18,0,2147483647,3,,,,,,,,,,Yuvaraj
17:50,13.0143538,80.2388753,0.2619999945163727,0.13699999451637268,42,4G,Airtel,Wednesday,18-09-2024,Weekday,Evening,32.24,scattered clouds,Free,Hostel Road 1,0,Walking,0.79,,,,,,,,,,,-108,-18,0,2147483647,3,,,,,,,,,,Yuvaraj
17:50,13.0143617,80.2388839,0.2619999945163727,0.13699999451637268,42,4G,Airtel,Wednesday,18-09-2024,Weekday,Evening,32.24,scattered clouds,Free,Hostel Road 1,0,Slow Walking,0.62,,,,,,,,,,,-110,-18,0,2147483647,3,,,,,,,,,,Yuvaraj
17:50,13.0143544,80.2388911,0.2619999945163727,0.13699999451637268,42,4G,Airtel,Wednesday,18-09-2024,Weekday,Evening,32.24,scattered clouds,Free,Hostel Road 1,0,Slow Walking,0.62,,,,,,,,,,,-110,-18,0,2147483647,3,,,,,,,,,,Yuvaraj
17:50,13.0143798,80.238912,0.2619999945163727,0.13699999451637268,42,4G,Airtel,Wednesday,18-09-2024,Weekday,Evening,32.24,scattered clouds,Free,Hostel Road 1,0,Slow Walking,0.51,,,,,,,,,,,-104,-15,0,2147483647,3,,,,,,,,,,Yuvaraj
17:50,13.0143936,80.2389278,0.2619999945163727,0.13699999451637268,42,4G,Airtel,Wednesday,18-09-2024,Weekday,Evening,32.24,scattered clouds,Free,Hostel Road 1,0,Slow Walking,0.51,,,,,,,,,,,-104,-15,0,2147483647,3,,,,,,,,,,Yuvaraj
17:50,13.0144083,80.2389374,0.2619999945163727,0.13699999451637268,42,4G,Airtel,Wednesday,18-09-2024,Weekday,Evening,32.24,scattered clouds,Free,Hostel Road 1,0,Slow Walking,0.65,,,,,,,,,,,-108,-20,0,2147483647,3,,,,,,,,,,Yuvaraj
17:50,13.0144172,80.2389477,0.2619999945163727,0.13699999451637268,42,4G,Airtel,Wednesday,18-09-2024,Weekday,Evening,32.24,scattered clouds,Free,Hostel Road 1,0,Slow Walking,0.65,,,,,,,,,,,-108,-20,0,2147483647,3,,,,,,,,,,Yuvaraj
17:50,13.0144325,80.2389609,0.2619999945163727,0.13699999451637268,42,4G,Airtel,Wednesday,18-09-2024,Weekday,Evening,32.24,scattered clouds,Free,Hostel Road 1,0,Walking,0.71,,,,,,,,,,,-107,-20,0,2147483647,3,,,,,,,,,,Yuvaraj
17:50,13.0144509,80.2389684,0.2619999945163727,0.13699999451637268,42,4G,Airtel,Wednesday,18-09-2024,Weekday,Evening,32.24,scattered clouds,Free,Hostel Road 1,0,Walking,0.71,,,,,,,,,,,-107,-20,0,2147483647,3,,,,,,,,,,Yuvaraj
17:50,13.0144604,80.2389734,0.2619999945163727,0.13699999451637268,42,4G,Airtel,Wednesday,18-09-2024,Weekday,Evening,32.24,scattered clouds,Free,Hostel Road 1,0,Walking,0.76,,,,,,,,,,,-100,-16,0,2147483647,3,,,,,,,,,,Yuvaraj
17:50,13.0144852,80.2389782,0.2619999945163727,0.13699999451637268,42,4G,Airtel,Wednesday,18-09-2024,Weekday,Evening,32.24,scattered clouds,Free,Hostel Road 1,0,Walking,0.81,,,,,,,,,,,-102,-17,0,2147483647,3,,,,,,,,,,Yuvaraj
17:51,13.01423,80.2385933,0.7829999923706055,0.04100000113248825,26,4G,Airtel,Wednesday,18-09-2024,Weekday,Evening,32.11,scattered clouds,Free,hostel road 2,0,No movement,0.00,,,,,,,,,,,-100,-19,0,2147483647,3,,,,,,,,,,Yazhiniyan 
17:51,13.0144766,80.2391252,0.7829999923706055,0.04100000113248825,26,4G,Airtel,Wednesday,18-09-2024,Weekday,Evening,32.11,scattered clouds,Free,hostel road 2,0,Running,2.89,,,,,,,,,,,-99,-17,0,2147483647,3,,,,,,,,,,Yazhiniyan 
17:51,13.0144766,80.2391252,0.7829999923706055,0.04100000113248825,26,4G,Airtel,Wednesday,18-09-2024,Weekday,Evening,32.11,scattered clouds,Free,hostel road 2,0,Running,2.89,,,,,,,,,,,-103,-20,0,2147483647,3,,,,,,,,,,Yazhiniyan 
17:51,13.014488,80.2391214,0.7829999923706055,0.04100000113248825,26,4G,Airtel,Wednesday,18-09-2024,Weekday,Evening,32.11,scattered clouds,Free,hostel road 2,0,Running,1.42,,,,,,,,,,,-94,-16,0,2147483647,3,,,,,,,,,,Yazhiniyan 
17:51,13.0145064,80.2387975,0.7829999923706055,0.04100000113248825,26,4G,Airtel,Wednesday,18-09-2024,Weekday,Evening,32.11,scattered clouds,Free,hostel road 2,0,Running,1.42,,,,,,,,,,,-102,-19,0,2147483647,3,,,,,,,,,,Yazhiniyan 
17:51,13.0145064,80.2387975,0.7829999923706055,0.04100000113248825,26,4G,Airtel,Wednesday,18-09-2024,Weekday,Evening,32.11,scattered clouds,Free,hostel road 2,0,Slow Walking,0.39,,,,,,,,,,,-100,-19,0,2147483647,3,,,,,,,,,,Yazhiniyan 
17:51,13.0145568,80.2388391,0.7829999923706055,0.04100000113248825,26,4G,Airtel,Wednesday,18-09-2024,Weekday,Evening,32.11,scattered clouds,Free,hostel road 2,0,Slow Walking,0.39,,,,,,,,,,,-100,-19,0,2147483647,3,,,,,,,,,,Yazhiniyan 
17:51,13.0145762,80.2388455,0.7829999923706055,0.04100000113248825,26,4G,Airtel,Wednesday,18-09-2024,Weekday,Evening,32.11,scattered clouds,Free,hostel road 2,0,Slow Walking,0.39,,,,,,,,,,,-101,-19,0,2147483647,3,,,,,,,,,,Yazhiniyan 
17:51,13.0145909,80.2388453,0.7829999923706055,0.04100000113248825,26,4G,Airtel,Wednesday,18-09-2024,Weekday,Evening,32.11,scattered clouds,Free,hostel road 2,0,Walking,0.94,,,,,,,,,,,-104,-20,0,2147483647,3,,,,,,,,,,Yazhiniyan 
17:51,13.0146075,80.2388951,0.7829999923706055,0.04100000113248825,26,4G,Airtel,Wednesday,18-09-2024,Weekday,Evening,32.11,scattered clouds,Free,hostel road 2,0,Walking,0.94,,,,,,,,,,,-93,-13,0,2147483647,3,,,,,,,,,,Yazhiniyan 
17:51,13.0146234,80.2389101,0.7829999923706055,0.04100000113248825,26,4G,Airtel,Wednesday,18-09-2024,Weekday,Evening,32.11,scattered clouds,Free,hostel road 2,0,Walking,0.80,,,,,,,,,,,-104,-20,0,2147483647,3,,,,,,,,,,Yazhiniyan 
17:51,13.0146346,80.2389139,0.7829999923706055,0.04100000113248825,26,4G,Airtel,Wednesday,18-09-2024,Weekday,Evening,32.11,scattered clouds,Free,hostel road 2,0,Walking,0.80,,,,,,,,,,,-101,-20,0,2147483647,3,,,,,,,,,,Yazhiniyan 
17:51,13.0147183,80.2390517,0.7829999923706055,0.04100000113248825,26,4G,Airtel,Wednesday,18-09-2024,Weekday,Evening,32.11,scattered clouds,Free,hostel road 2,0,Walking,0.87,,,,,,,,,,,-101,-20,0,2147483647,3,,,,,,,,,,Yazhiniyan 
17:51,13.0147354,80.2390651,0.7829999923706055,0.04100000113248825,26,4G,Airtel,Wednesday,18-09-2024,Weekday,Evening,32.11,scattered clouds,Free,hostel road 2,0,Walking,0.87,,,,,,,,,,,-101,-18,0,2147483647,3,,,,,,,,,,Yazhiniyan 
17:51,13.0147799,80.2391042,0.7829999923706055,0.04100000113248825,26,4G,Airtel,Wednesday,18-09-2024,Weekday,Evening,32.11,scattered clouds,Free,hostel road 2,0,Walking,0.87,,,,,,,,,,,-100,-18,0,2147483647,3,,,,,,,,,,Yazhiniyan 
17:51,13.0147955,80.2391139,0.7829999923706055,0.04100000113248825,26,4G,Airtel,Wednesday,18-09-2024,Weekday,Evening,32.11,scattered clouds,Free,hostel road 2,0,Walking,0.92,,,,,,,,,,,-102,-20,0,2147483647,3,,,,,,,,,,Yazhiniyan 
17:51,13.0148204,80.2391246,0.7829999923706055,0.04100000113248825,26,4G,Airtel,Wednesday,18-09-2024,Weekday,Evening,32.11,scattered clouds,Free,hostel road 2,0,Walking,0.92,,,,,,,,,,,-99,-19,0,2147483647,3,,,,,,,,,,Yazhiniyan 
17:51,13.0148419,80.2391313,0.7829999923706055,0.04100000113248825,26,4G,Airtel,Wednesday,18-09-2024,Weekday,Evening,32.11,scattered clouds,Free,hostel road 2,0,Walking,0.87,,,,,,,,,,,-100,-20,0,2147483647,3,,,,,,,,,,Yazhiniyan 
17:51,13.0148569,80.2391375,0.7829999923706055,0.04100000113248825,26,4G,Airtel,Wednesday,18-09-2024,Weekday,Evening,32.11,scattered clouds,Free,hostel road 2,0,Walking,0.87,,,,,,,,,,,-100,-20,0,2147483647,3,,,,,,,,,,Yazhiniyan 
17:51,13.0148729,80.239144,0.7829999923706055,0.04100000113248825,26,4G,Airtel,Wednesday,18-09-2024,Weekday,Evening,32.11,scattered clouds,Free,hostel road 2,0,Walking,0.87,,,,,,,,,,,-96,-17,0,2147483647,3,,,,,,,,,,Yazhiniyan 
17:51,13.0148895,80.2391487,0.7829999923706055,0.04100000113248825,26,4G,Airtel,Wednesday,18-09-2024,Weekday,Evening,32.11,scattered clouds,Free,hostel road 2,0,Walking,0.85,,,,,,,,,,,-97,-17,0,2147483647,3,,,,,,,,,,Yazhiniyan 
17:51,13.0149014,80.2391527,0.7829999923706055,0.04100000113248825,26,4G,Airtel,Wednesday,18-09-2024,Weekday,Evening,32.11,scattered clouds,Free,hostel road 2,0,Walking,0.85,,,,,,,,,,,-101,-20,0,2147483647,3,,,,,,,,,,Yazhiniyan 
17:52,13.0149093,80.239159,0.7829999923706055,0.04100000113248825,26,4G,Airtel,Wednesday,18-09-2024,Weekday,Evening,32.11,scattered clouds,Free,hostel road 2,0,Walking,0.79,,,,,,,,,,,-100,-18,0,2147483647,3,,,,,,,,,,Yazhiniyan 
17:52,13.0149271,80.2391716,0.7829999923706055,0.04100000113248825,26,4G,Airtel,Wednesday,18-09-2024,Weekday,Evening,32.11,scattered clouds,Free,hostel road 2,0,Walking,0.79,,,,,,,,,,,-97,-16,0,2147483647,3,,,,,,,,,,Yazhiniyan 
17:52,13.0149288,80.2391876,0.7829999923706055,0.04100000113248825,26,4G,Airtel,Wednesday,18-09-2024,Weekday,Evening,32.11,scattered clouds,Free,hostel road 2,0,Walking,0.79,,,,,,,,,,,-97,-16,0,2147483647,3,,,,,,,,,,Yazhiniyan 
17:52,13.0149391,80.2392083,0.7829999923706055,0.04100000113248825,26,4G,Airtel,Wednesday,18-09-2024,Weekday,Evening,32.11,scattered clouds,Free,hostel road 2,0,Walking,0.92,,,,,,,,,,,-97,-17,0,2147483647,3,,,,,,,,,,Yazhiniyan 
17:52,13.014946,80.2392254,0.7829999923706055,0.04100000113248825,26,4G,Airtel,Wednesday,18-09-2024,Weekday,Evening,32.11,scattered clouds,Free,hostel road 2,0,Walking,0.92,,,,,,,,,,,-101,-18,0,2147483647,3,,,,,,,,,,Yazhiniyan 
17:52,13.0149417,80.2392319,0.7829999923706055,0.04100000113248825,26,4G,Airtel,Wednesday,18-09-2024,Weekday,Evening,32.11,scattered clouds,Free,hostel road 2,0,Walking,0.98,,,,,,,,,,,-99,-19,0,2147483647,3,,,,,,,,,,Yazhiniyan 
17:52,13.0149473,80.2392538,0.7829999923706055,0.04100000113248825,26,4G,Airtel,Wednesday,18-09-2024,Weekday,Evening,32.11,scattered clouds,Free,hostel road 2,0,Walking,0.98,,,,,,,,,,,-101,-18,0,2147483647,3,,,,,,,,,,Yazhiniyan 
17:52,13.0149391,80.239268,0.7829999923706055,0.04100000113248825,26,4G,Airtel,Wednesday,18-09-2024,Weekday,Evening,32.11,scattered clouds,Free,hostel road 2,0,Walking,0.98,,,,,,,,,,,-102,-18,0,2147483647,3,,,,,,,,,,Yazhiniyan 
17:52,13.01494,80.2392833,0.7829999923706055,0.04100000113248825,26,4G,Airtel,Wednesday,18-09-2024,Weekday,Evening,32.11,scattered clouds,Free,hostel road 2,0,Walking,0.88,,,,,,,,,,,-100,-18,0,2147483647,3,,,,,,,,,,Yazhiniyan 
17:53,13.014886,80.2396213,0.3050000071525574,0.13699999451637268,45,4G,Airtel,Wednesday,18-09-2024,Weekday,Evening,32.08,scattered clouds,Free,Hostel Road 2,0,Walking,0.81,,,,,,,,,,,-97,-19,0,2147483647,3,,,,,,,,,,Yuvaraj
17:53,13.0148807,80.2396378,0.3050000071525574,0.13699999451637268,45,4G,Airtel,Wednesday,18-09-2024,Weekday,Evening,32.08,scattered clouds,Free,Hostel Road 2,0,Walking,0.81,,,,,,,,,,,-97,-19,0,2147483647,3,,,,,,,,,,Yuvaraj
17:53,13.014878,80.2396442,0.3050000071525574,0.13699999451637268,45,4G,Airtel,Wednesday,18-09-2024,Weekday,Evening,32.08,scattered clouds,Free,Hostel Road 2,0,Walking,0.81,,,,,,,,,,,-99,-20,0,2147483647,3,,,,,,,,,,Yuvaraj
17:53,13.0148738,80.2396635,0.3050000071525574,0.13699999451637268,45,4G,Airtel,Wednesday,18-09-2024,Weekday,Evening,32.08,scattered clouds,Free,Hostel Road 2,0,Walking,0.81,,,,,,,,,,,-102,-20,0,2147483647,3,,,,,,,,,,Yuvaraj
17:53,13.0148742,80.2396681,0.3050000071525574,0.13699999451637268,45,4G,Airtel,Wednesday,18-09-2024,Weekday,Evening,32.08,scattered clouds,Free,Hostel Road 2,0,Walking,0.81,,,,,,,,,,,-101,-19,0,2147483647,3,,,,,,,,,,Yuvaraj
17:53,13.0148762,80.2396872,0.3050000071525574,0.13699999451637268,45,4G,Airtel,Wednesday,18-09-2024,Weekday,Evening,32.08,scattered clouds,Free,Hostel Road 2,0,Walking,0.83,,,,,,,,,,,-101,-19,0,2147483647,3,,,,,,,,,,Yuvaraj
17:53,13.0148912,80.2396922,0.3050000071525574,0.13699999451637268,45,4G,Airtel,Wednesday,18-09-2024,Weekday,Evening,32.08,scattered clouds,Free,Hostel Road 2,0,Walking,0.83,,,,,,,,,,,-101,-19,0,2147483647,3,,,,,,,,,,Yuvaraj
17:53,13.0148973,80.2396976,0.3050000071525574,0.13699999451637268,45,4G,Airtel,Wednesday,18-09-2024,Weekday,Evening,32.08,scattered clouds,Free,Hostel Road 2,0,Walking,0.78,,,,,,,,,,,-100,-20,0,2147483647,3,,,,,,,,,,Yuvaraj
17:53,13.0149473,80.2397297,0.3050000071525574,0.13699999451637268,45,4G,Airtel,Wednesday,18-09-2024,Weekday,Evening,32.08,scattered clouds,Free,Hostel Road 2,0,Walking,0.92,,,,,,,,,,,-96,-16,0,2147483647,3,,-108,,,,,,,,Yuvaraj
17:53,13.0149681,80.2397377,0.3050000071525574,0.13699999451637268,45,4G,Airtel,Wednesday,18-09-2024,Weekday,Evening,32.08,scattered clouds,Free,Hostel Road 2,0,Walking,0.94,,,,,,,,,,,-99,-20,0,2147483647,3,,-110,,,,,,,,Yuvaraj
17:53,13.0149752,80.2397367,0.3050000071525574,0.13699999451637268,45,4G,Airtel,Wednesday,18-09-2024,Weekday,Evening,32.08,scattered clouds,Free,Hostel Road 2,0,Walking,0.77,,,,,,,,,,,-93,-14,0,2147483647,3,,-110,,,,,,,,Yuvaraj
17:53,13.0149856,80.2397417,0.3050000071525574,0.13699999451637268,45,4G,Airtel,Wednesday,18-09-2024,Weekday,Evening,32.08,scattered clouds,Free,Hostel Road 2,0,Walking,0.77,,,,,,,,,,,-93,-14,0,2147483647,3,,-110,,,,,,,,Yuvaraj
17:53,13.0149993,80.2397564,0.3050000071525574,0.13699999451637268,45,4G,Airtel,Wednesday,18-09-2024,Weekday,Evening,32.08,scattered clouds,Free,Hostel Road 2,0,Walking,0.77,,,,,,,,,,,-96,-14,0,2147483647,3,,-110,,,,,,,,Yuvaraj
17:53,13.0149938,80.2397549,0.3050000071525574,0.13699999451637268,45,4G,Airtel,Wednesday,18-09-2024,Weekday,Evening,32.08,scattered clouds,Free,Hostel Road 2,0,Walking,0.70,,,,,,,,,,,-96,-14,0,2147483647,3,,-110,,,,,,,,Yuvaraj
17:53,13.015005,80.2397681,0.0,0.0,0,4G,Airtel,Wednesday,18-09-2024,Weekday,Evening,32.08,scattered clouds,Free,Hostel Road 2,0,Walking,0.70,,,,,,,,,,,-98,-14,0,2147483647,3,,-110,,,,,,,,Yuvaraj
17:53,13.0149929,80.239767,0.0,0.0,0,4G,Airtel,Wednesday,18-09-2024,Weekday,Evening,32.08,scattered clouds,Free,Hostel Road 2,0,Slow Walking,0.40,,,,,,,,,,,-102,-19,0,2147483647,3,,-110,,,,,,,,Yuvaraj
17:53,13.0150015,80.2398287,0.0,0.0,23,4G,Airtel,Wednesday,18-09-2024,Weekday,Evening,32.08,scattered clouds,Free,Hostel Road 2,0,Walking,0.81,,,,,,,,,,,-102,-20,0,2147483647,3,,-110,,,,,,,,Yuvaraj
17:53,13.0150006,80.2398896,135.654,0.0,23,4G,Airtel,Wednesday,18-09-2024,Weekday,Evening,32.08,scattered clouds,Moderate,Hostel Road 2,0,Slow Walking,0.69,,,,,,,,,,,-111,-20,0,2147483647,3,,-110,,,,,,,,Yuvaraj
17:53,13.0149218,80.2397698,0.3700000047683716,0.10400000214576721,35,4G,Airtel,Wednesday,18-09-2024,Weekday,Evening,32.11,scattered clouds,Free,hostel road 2,0,Walking,0.78,,,,,,,,,,,-95,-15,0,2147483647,3,,,,,,,,,,Yazhiniyan 
17:53,13.0149485,80.2397756,0.3700000047683716,0.10400000214576721,35,4G,Airtel,Wednesday,18-09-2024,Weekday,Evening,32.11,scattered clouds,Free,hostel road 2,0,Walking,0.78,,,,,,,,,,,-95,-16,0,2147483647,3,,,,,,,,,,Yazhiniyan 
17:53,13.0149829,80.2397839,0.3700000047683716,0.10400000214576721,35,4G,Airtel,Wednesday,18-09-2024,Weekday,Evening,32.11,scattered clouds,Free,hostel road 2,0,Walking,0.83,,,,,,,,,,,-93,-14,0,2147483647,3,,-111,,,,,,,,Yazhiniyan 
17:53,13.0149912,80.2397983,0.3700000047683716,0.10400000214576721,35,4G,Airtel,Wednesday,18-09-2024,Weekday,Evening,32.11,scattered clouds,Free,hostel road 2,0,Walking,0.87,,,,,,,,,,,-99,-20,0,2147483647,3,,-111,,,,,,,,Yazhiniyan 
17:53,13.015009,80.2398421,0.3700000047683716,0.10400000214576721,35,4G,Airtel,Wednesday,18-09-2024,Weekday,Evening,32.08,scattered clouds,Free,hostel road 2,0,Walking,0.77,,,,,,,,,,,-100,-20,0,2147483647,3,,-113,,,,,,,,Yazhiniyan 
17:53,13.0150137,80.239889,0.3700000047683716,0.10400000214576721,35,4G,Airtel,Wednesday,18-09-2024,Weekday,Evening,32.08,scattered clouds,Free,hostel road 2,0,Walking,0.76,,,,,,,,,,,-101,-19,0,2147483647,3,,-44,,,,,,,,Yazhiniyan 
17:53,13.0150179,80.2399089,0.3700000047683716,0.10400000214576721,35,4G,Airtel,Wednesday,18-09-2024,Weekday,Evening,32.08,scattered clouds,Free,hostel road 2,0,Walking,0.76,,,,,,,,,,,-101,-19,0,2147483647,3,,-44,,,,,,,,Yazhiniyan 
17:53,13.0149886,80.2399228,0.3700000047683716,0.10400000214576721,35,4G,Airtel,Wednesday,18-09-2024,Weekday,Evening,32.11,scattered clouds,Free,hostel road 2,0,Slow Walking,0.44,,,,,,,,,,,-104,-19,0,2147483647,3,,-116,,,,,,,,Yazhiniyan 
17:54,13.0149939,80.2399352,0.3700000047683716,0.10400000214576721,35,4G,Airtel,Wednesday,18-09-2024,Weekday,Evening,32.11,scattered clouds,Free,hostel road 2,0,Slow Walking,0.44,,,,,,,,,,,-106,-18,0,2147483647,3,,-116,,,,,,,,Yazhiniyan 
17:54,13.0150062,80.2399449,0.3700000047683716,0.10400000214576721,35,4G,Airtel,Wednesday,18-09-2024,Weekday,Evening,32.08,scattered clouds,Free,hostel road 2,0,Slow Walking,0.40,,,,,,,,,,,-105,-17,0,2147483647,3,,-116,,,,,,,,Yazhiniyan 
17:54,13.0149813,80.2399376,0.3700000047683716,0.10400000214576721,35,4G,Airtel,Wednesday,18-09-2024,Weekday,Evening,32.11,scattered clouds,Free,hostel road 2,0,Slow Walking,0.40,,,,,,,,,,,-105,-17,0,2147483647,3,,-116,,,,,,,,Yazhiniyan 
17:54,13.0149663,80.2399317,0.3700000047683716,0.10400000214576721,35,4G,Airtel,Wednesday,18-09-2024,Weekday,Evening,32.11,scattered clouds,Free,hostel road 2,0,No movement,0.16,,,,,,,,,,,-109,-17,0,2147483647,3,,-120,,,,,,,,Yazhiniyan 
17:54,13.0149727,80.2399277,0.3700000047683716,0.10400000214576721,35,4G,Airtel,Wednesday,18-09-2024,Weekday,Evening,32.11,scattered clouds,Free,hostel road 2,0,No movement,0.16,,,,,,,,,,,-107,-15,0,2147483647,3,,-120,,,,,,,,Yazhiniyan 
17:54,13.014992,80.2399323,0.3700000047683716,0.10400000214576721,35,4G,Airtel,Wednesday,18-09-2024,Weekday,Evening,32.11,scattered clouds,Free,hostel road 2,0,Slow Walking,0.61,,,,,,,,,,,-103,-14,0,2147483647,3,,-120,,,,,,,,Yazhiniyan 
17:54,13.0149967,80.2399545,0.3700000047683716,0.10400000214576721,35,4G,Airtel,Wednesday,18-09-2024,Weekday,Evening,32.11,scattered clouds,Free,hostel road 2,0,Slow Walking,0.61,,,,,,,,,,,-105,-16,0,2147483647,3,,-120,,,,,,,,Yazhiniyan 
17:54,13.0150101,80.2399767,0.3700000047683716,0.10400000214576721,35,4G,Airtel,Wednesday,18-09-2024,Weekday,Evening,32.08,scattered clouds,Free,hostel road 2,0,Slow Walking,0.58,,,,,,,,,,,-102,-13,0,2147483647,3,,-120,,,,,,,,Yazhiniyan 
17:54,13.0150126,80.2399889,0.3700000047683716,0.10400000214576721,35,4G,Airtel,Wednesday,18-09-2024,Weekday,Evening,32.08,scattered clouds,Free,hostel road 2,0,Slow Walking,0.41,,,,,,,,,,,-99,-12,0,2147483647,3,,-120,,,,,,,,Yazhiniyan 
17:54,13.0150286,80.2399993,0.3700000047683716,0.10400000214576721,35,4G,Airtel,Wednesday,18-09-2024,Weekday,Evening,32.08,scattered clouds,Free,hostel road 2,0,Slow Walking,0.41,,,,,,,,,,,-109,-16,0,2147483647,3,,-120,,,,,,,,Yazhiniyan 
17:54,13.0150321,80.2400101,0.3700000047683716,0.10400000214576721,35,4G,Airtel,Wednesday,18-09-2024,Weekday,Evening,32.08,scattered clouds,Free,hostel road 2,0,Slow Walking,0.53,,,,,,,,,,,-110,-17,0,2147483647,3,,-120,,,,,,,,Yazhiniyan 
17:54,13.0150446,80.2400195,0.3700000047683716,0.10400000214576721,35,4G,Airtel,Wednesday,18-09-2024,Weekday,Evening,32.08,scattered clouds,Free,hostel road 2,0,Slow Walking,0.53,,,,,,,,,,,-110,-18,0,2147483647,3,,-120,,,,,,,,Yazhiniyan 
17:54,13.0150467,80.2400282,0.3700000047683716,0.10400000214576721,35,4G,Airtel,Wednesday,18-09-2024,Weekday,Evening,32.08,scattered clouds,Free,hostel road 2,0,Slow Walking,0.53,,,,,,,,,,,-110,-18,0,2147483647,3,,-120,,,,,,,,Yazhiniyan 
17:54,13.0150467,80.2400412,0.3700000047683716,0.10400000214576721,35,4G,Airtel,Wednesday,18-09-2024,Weekday,Evening,32.08,scattered clouds,Free,hostel road 2,0,Slow Walking,0.60,,,,,,,,,,,-110,-17,0,2147483647,3,,-120,,,,,,,,Yazhiniyan 
17:54,13.0150691,80.2400505,0.3700000047683716,0.10400000214576721,35,4G,Airtel,Wednesday,18-09-2024,Weekday,Evening,32.08,scattered clouds,Free,hostel road 2,0,Slow Walking,0.60,,,,,,,,,,,-104,-15,0,2147483647,3,,-120,,,,,,,,Yazhiniyan 
17:54,13.0150796,80.2400604,0.3700000047683716,0.10400000214576721,35,4G,Airtel,Wednesday,18-09-2024,Weekday,Evening,32.08,scattered clouds,Free,hostel road 2,0,Slow Walking,0.49,,,,,,,,,,,-113,-20,0,2147483647,3,,-120,,,,,,,,Yazhiniyan 
17:54,13.0150747,80.2400621,0.3700000047683716,0.10400000214576721,35,2G,Airtel,Wednesday,18-09-2024,Weekday,Evening,32.08,scattered clouds,Free,hostel road 2,0,Slow Walking,0.49,null,0,-113,,,,,,,,-113,-20,0,2147483647,3,,-120,,,,,,,,Yazhiniyan 
17:54,13.0150795,80.2400607,0.3700000047683716,0.10400000214576721,35,4G,Airtel,Wednesday,18-09-2024,Weekday,Evening,32.08,scattered clouds,Free,hostel road 2,0,No movement,0.12,null,0,-113,,,,,,,,-114,-15,0,2147483647,3,,-120,,,,,,,,Yazhiniyan 
16:02,13.0138885,80.2357537,0.0,0.0,227,4G,Airtel,Thursday,19-09-2024,Weekday,Evening,33.53,broken clouds,Moderate,Knowledge Park ,3,Slow Walking,0.23,,,,,,,,,,,-124,-20,0,2147483647,3,,,,,,,,,,Yuvaraj 
16:09,13.0138973,80.2356648,7.290999889373779,0.10700000077486038,41,4G,Airtel,Thursday,19-09-2024,Weekday,Evening,33.53,broken clouds,Moderate,Knowledge Park,3,Slow Walking,0.57,,,,,,,,,,,-105,-11,0,2147483647,3,,,,,,,,,,Yuvaraj
16:09,13.0138973,80.2356648,7.290999889373779,0.10700000077486038,41,4G,Airtel,Thursday,19-09-2024,Weekday,Evening,33.53,broken clouds,Moderate,Knowledge Park,3,No movement,0.07,,,,,,,,,,,-105,-11,0,2147483647,3,,,,,,,,,,Yuvaraj
16:09,13.013785,80.2355382,7.290999889373779,0.10700000077486038,41,2G,Airtel,Thursday,19-09-2024,Weekday,Evening,33.53,broken clouds,Moderate,Knowledge Park,3,No movement,0.00,null,0,-113,,,,,,,,-105,-11,0,2147483647,3,,,,,,,,,,Yuvaraj
10:19,13.0135252,80.2355877,0.0,0.0,0,4G,Airtel,Saturday,21-09-2024,Weekend,Morning,29.29,broken clouds,Crowded,Knowledge Park ,3,No movement,0.00,,,,,,,,,,,-127,-20,0,2147483647,8,,,,,,,,,,Yuvaraj
10:19,13.0135252,80.2355877,0.499,0.0,53,,Airtel,Saturday,21-09-2024,Weekend,Morning,29.29,broken clouds,Crowded,Knowledge Park ,3,No movement,0.01,,,,,,,,,,,-127,-20,0,2147483647,8,,,,,,,,,,Yuvaraj
15:25,13.0148349,80.2381987,0.0,0.0,0,4G,Airtel,Saturday,21-09-2024,Weekend,Afternoon,33.31,broken clouds,Free,Hostel Road 2,0,No movement,0.00,,,,,,,,,,,-100,-17,0,2147483647,3,,,,,,,,,,Yuvaraj
15:26,13.0150106,80.2391221,159.61099243164062,2.059000015258789,16,4G,Airtel,Saturday,21-09-2024,Weekend,Afternoon,33.31,broken clouds,Free,Hostel Road 2,0,Walking,0.89,,,,,,,,,,,-100,-19,0,2147483647,3,,,,,,,,,,Yuvaraj
15:26,13.0150106,80.2391221,159.61099243164062,2.059000015258789,16,4G,Airtel,Saturday,21-09-2024,Weekend,Afternoon,33.31,broken clouds,Free,Hostel Road 2,0,Walking,0.92,,,,,,,,,,,-100,-19,0,2147483647,3,,,,,,,,,,Yuvaraj
15:26,13.0150106,80.2391221,159.61099243164062,2.059000015258789,16,4G,Airtel,Saturday,21-09-2024,Weekend,Afternoon,33.31,broken clouds,Free,Hostel Road 2,0,Walking,0.95,,,,,,,,,,,-100,-19,0,2147483647,3,,,,,,,,,,Yuvaraj
11:57,13.0129867,80.2361172,0.0,0.0,0,4G,Airtel,Monday,07-10-2024,Weekday,Morning,30.11,light rain,Crowded,IST First floor,1,Not Detected,0.0,,,,,,,,,,,-126,-20,0,2147483647,3,,,,,,,,,,Yuvaraj
11:57,13.0134563,80.2370461,0.0,0.0,0,4G,Airtel,Monday,07-10-2024,Weekday,Morning,30.11,light rain,Crowded,IST First floor,1,Not Detected,0.0,,,,,,,,,,,-130,-19,0,2147483647,3,,,,,,,,,,Yuvaraj
11:57,13.0134158,80.2370046,0.0,0.0,50,4G,Airtel,Monday,07-10-2024,Weekday,Morning,30.11,light rain,Crowded,IST First floor,1,Not Detected,0.0,,,,,,,,,,,-127,-17,0,2147483647,3,,,,,,,,,,Yuvaraj
11:57,13.0134158,80.2370046,0.0,0.0,50,4G,Airtel,Monday,07-10-2024,Weekday,Morning,30.11,light rain,Crowded,IST First floor,1,Not Detected,0.0,,,,,,,,,,,-127,-17,0,2147483647,3,,,,,,,,,,Yuvaraj
11:57,13.0134158,80.2370046,0.0,0.0,0,4G,Airtel,Monday,07-10-2024,Weekday,Morning,30.11,light rain,Crowded,IST First floor,1,Not Detected,0.0,,,,,,,,,,,-127,-17,0,2147483647,3,,,,,,,,,,Yuvaraj
11:57,13.0134158,80.2370046,0.0,0.0,254,4G,Airtel,Monday,07-10-2024,Weekday,Morning,30.11,light rain,Crowded,IST First floor,1,Not Detected,0.0,,,,,,,,,,,-127,-18,0,2147483647,3,,,,,,,,,,Yuvaraj
11:57,13.0134158,80.2370046,0.0,0.0,50,4G,Airtel,Monday,07-10-2024,Weekday,Morning,30.11,light rain,Crowded,IST First floor,1,Not Detected,0.0,,,,,,,,,,,-127,-17,0,2147483647,3,,,,,,,,,,Yuvaraj
11:57,13.0134158,80.2370046,0.0,0.0,0,4G,Airtel,Monday,07-10-2024,Weekday,Morning,30.11,light rain,Crowded,IST First floor,1,Not Detected,0.0,,,,,,,,,,,-127,-17,0,2147483647,3,,,,,,,,,,Yuvaraj
11:57,13.0134158,80.2370046,0.0,0.0,254,4G,Airtel,Monday,07-10-2024,Weekday,Morning,30.11,light rain,Crowded,IST First floor,1,Not Detected,0.0,,,,,,,,,,,-127,-18,0,2147483647,3,,,,,,,,,,Yuvaraj
11:57,13.0133611,80.2369681,0.0,0.0,0,4G,Airtel,Monday,07-10-2024,Weekday,Morning,30.11,light rain,Crowded,IST First floor,1,Not Detected,0.0,,,,,,,,,,,-127,-18,0,2147483647,3,,,,,,,,,,Yuvaraj
11:57,13.0133611,80.2369681,0.0,0.0,0,4G,Airtel,Monday,07-10-2024,Weekday,Morning,30.13,light rain,Crowded,IST First floor,1,Not Detected,0.0,,,,,,,,,,,-130,-20,0,2147483647,3,,,,,,,,,,Yuvaraj
11:58,13.0133611,80.2369681,0.0,0.0,0,4G,Airtel,Monday,07-10-2024,Weekday,Morning,30.13,light rain,Crowded,IST First floor,1,Not Detected,0.0,,,,,,,,,,,-129,-19,0,2147483647,3,,,,,,,,,,Yuvaraj
11:59,13.0129747,80.2361398,0.0,0.0,0,4G,Airtel,Monday,07-10-2024,Weekday,Morning,30.13,light rain,Crowded,IST First floor,1,Not Detected,0.0,,,,,,,,,,,-130,-19,0,2147483647,3,,,,,,,,,,Yuvaraj
11:59,13.0129972,80.2359246,0.0,0.0,0,4G,Airtel,Monday,07-10-2024,Weekday,Morning,30.13,light rain,Crowded,IST First floor,1,Not Detected,0.0,,,,,,,,,,,-129,-19,0,2147483647,3,,,,,,,,,,Yuvaraj
12:00,13.0129972,80.2359246,0.0,0.0,0,4G,Airtel,Monday,07-10-2024,Weekday,Afternoon,30.13,light rain,Crowded,IST First floor,1,Not Detected,0.0,,,,,,,,,,,-129,-19,0,2147483647,3,,,,,,,,,,Yuvaraj
12:00,13.0129972,80.2359246,0.0,0.0,0,4G,Airtel,Monday,07-10-2024,Weekday,Afternoon,30.13,light rain,Crowded,IST First floor,1,Not Detected,0.0,,,,,,,,,,,-129,-19,0,2147483647,3,,,,,,,,,,Yuvaraj
11:59,13.0129747,80.2361398,0.0,0.0,0,4G,Airtel,Monday,07-10-2024,Weekday,Morning,30.13,light rain,Crowded,IST First floor,1,Not Detected,0.0,,,,,,,,,,,-130,-19,0,2147483647,3,,,,,,,,,,Yuvaraj
11:59,13.0129972,80.2359246,0.0,0.0,0,4G,Airtel,Monday,07-10-2024,Weekday,Morning,30.13,light rain,Crowded,IST First floor,1,Not Detected,0.0,,,,,,,,,,,-130,-19,0,2147483647,3,,,,,,,,,,Yuvaraj
05:03,13.0151252,80.2398534,0.0,0.0,23,4G,Airtel,Wednesday,09-10-2024,Weekday,Midnight,27.6,moderate rain,Crowded,,0,No movement,0.00,,,,,,,,,,,-125,-15,0,2147483647,3,,,,,,,,,,
05:03,13.0151252,80.2398534,0.0,0.0,23,4G,Airtel,Wednesday,09-10-2024,Weekday,Midnight,27.6,moderate rain,Crowded,,0,No movement,0.00,,,,,,,,,,,-125,-15,0,2147483647,3,,,,,,,,,,
05:03,13.0151252,80.2398534,0.0,0.0,0,4G,Airtel,Wednesday,09-10-2024,Weekday,Midnight,27.6,moderate rain,Crowded,,0,No movement,0.00,,,,,,,,,,,-125,-15,0,2147483647,3,,,,,,,,,,
05:03,13.0151252,80.2398534,0.0,0.0,0,4G,Airtel,Wednesday,09-10-2024,Weekday,Midnight,27.6,moderate rain,Crowded,,0,No movement,0.00,,,,,,,,,,,-126,-18,0,2147483647,3,,,,,,,,,,
05:03,13.0151252,80.2398534,0.0,0.0,0,4G,Airtel,Wednesday,09-10-2024,Weekday,Midnight,27.6,moderate rain,Crowded,,0,No movement,0.00,,,,,,,,,,,-126,-18,0,2147483647,3,,,,,,,,,,
